Tipo de tarea,Intención,Socioestructura,Nombre de la tarea,Enlace Imagen,Imagen,Vídeo,Descripción de la tarea
Situación de partido,Ataque de área estando,XxX,Ataque contra defensa hundida,https://drive.google.com/file/d/1pwm54nxKnsecjhB7C0FfK1VsO78_ODwc/view?usp=sharing,,https://drive.google.com/file/d/1O5GNECSYsjV26zH7hlPf1o4qObpy2_Dw/view?usp=sharing,"Un equipo realiza un ataque contra una defensa situada en bloque bajo. Si el balón sale fuera de los límites del juego se mete otro rápidamente para trabajar el reposicionamiento.
La puntuación de la tarea es la siguiente:
- Gol --> 5 puntos
- Despeje al campo --> 1 punto
- Conducción o pase entre las porterías --> 3 puntos
Cada 2 acciones se hacen rotaciones por posiciones."
Situación de partido,Defensa de área estando,5x5*,Defensa de área en bloque bajo,https://drive.google.com/file/d/1RwXN4HVN33syMJFGD2WL4so01yYsXkRX/view?usp=sharing,,https://drive.google.com/file/d/1als-tMMJT8nOffmM3TbOwPw-Y-560YrV/view?usp=sharing,"Defensa de área en bloque bajo con 5 defensas ante 5 atacantes más 2 comodines.
Un tercer equipo espera alrededor de la jugada.
Cuando se produce el robo o el despeje, entra el grupo que estaba esperando y ataca contra los que habían realizado el útlimo ataque.
Si se marca gol, el equipo que lo ha logrado repite ataque."
Situación de partido,Ataque de área llegando,6x4,6vs4 en dos campos,https://drive.google.com/file/d/1Xr0ZDYHWcCandKO2ivO7pfJyTNo0NJzP/view?usp=sharing,,https://drive.google.com/file/d/1V66zyckZrASQY0wy4L88yT8C6A6xVu90/view?usp=sharing,"Ataque de 6 contra Defensa de 4 en la cual los atacantes circulan mientras los defensas van haciendo saltos a la presión, correcciones y recuperaciones. En el momento que deseen los jugadores ofensivos, inician un ataque buscando finalizar en portería. Si los defensores roban, tienen que intentar contactar con sus compañeros de la otra mitad del campo. Para evitarlo, los jugadores que han perdido el balón inician una presión tras pérdida que, si no es exitosa, obligará a un repliegue hasta la zona central.
Si el ataque es exitoso, se inicia en el otro campo pero se evita la transición defensiva y el repliegue. (2´/1´)."
Situación de partido,Ataque de área llegando,6x6*,Ataque 7vs6 en 3/4,https://drive.google.com/file/d/1Mae5_XgZsvPEWAREFSH_IzgZ5dbTN1ns/view?usp=sharing,,https://drive.google.com/file/d/1DUf1umWrZSPHYnZ9KMMSg9DZTr1BkGYO/view?usp=sharing,"Ataque vs Defensa: Los 4 centrocampistas y los dos delanteros, con la ayuda de un comodín inician ataques contra 4 defensas y 2 mediocentros. Si estos roban, intentan contactar con los jugadores que están descansando."
Situación de partido,Ataque de área llegando,XxX,Ataques 10vs9,https://drive.google.com/file/d/1PbYPjsxPWvGV44LA_g9huPCtAgtqFW1J/view?usp=sharing,,https://drive.google.com/file/d/1WItVfODeXQC1_9lpxhK8wigY6fj5dZqO/view?usp=sharing,"Ataque vs Defensa. La línea de medios, delanteros y  laterales buscan superar a los defensas y medios para marcar gol. El equipo que defiende trata de robar el balón y conectar el balón con el jugador descolgado para que este conecte con la línea de medios."
Situación de partido,Ataque de área llegando,XxX,Ataque y presión tras pérdida por zonas,https://drive.google.com/file/d/1_Np9tChkgNXk4NO6yg7xWGVXYza0ng6E/view?usp=sharing,,https://drive.google.com/file/d/1AymYVwi3mV5-adCpG_4C4jczLmiJjGqS/view?usp=sharing,Un equipo realiza un ataque posicional contra una defensa en inferioridad que tendrá como objetivo robar la pelota y conseguir sacar el balón de la zona de robo o anotar en la portería central.
Situación de partido,Ataque de área llegando,XxX,Ataques distintos en función de las zonas,https://drive.google.com/file/d/1jcA2hnj5kGcXaJ6erlwdAEWxvrEqnCM1/view?usp=sharing,,https://drive.google.com/file/d/1yz4-cM7yVhWAoWXuG4WkoUPrIWBnkL6u/view?usp=sharing,"Ataque-defensa con diferenciación de roles de los jugadores exteriores (por dentro para combinar, por fuera para centrar de 3⁄4 o llegar a línea de fondo). El equipo ofensivo trata de superar a los defensas o por dentro o por fuera para posteriormente anotar en la portería grande.
Hasta que la pelota no salga del rectángulo central, no se juega fuera de él. Cuando sale, se lanza un ataque (preferentemente rápido).
El equipo que defiende tiene que intentar robar la pelota y anotar en portería o dar 5 pases seguidos.
*Tras un centro de una banda se realiza una segunda acción desde la banda contraria."
Situación de partido,Ataque de área llegando,XxX,Ataque en zona central y apariciones en carril lateral,https://drive.google.com/file/d/1jQ1NPIp4CHpYGUZjmUTHjC076RWuUzGa/view?usp=sharing,,https://drive.google.com/file/d/1X8oAraA2Ud7mor0VDfxZcO0OlMt_qdvi/view?usp=sharing,"5 jugadores inician un ataque en el carril central intentando finalizar en portería grande, pudiendo realizar desmarques a los carriles laterales o usar ahí a los jugadores exteriores.
En el momento en el que la pelota entre a dichos carriles, pasarán a actuar también los defensores de los mismos. (uno defendiendo el carril y otro incorporándose al central)
Si en algún momento los defensores roban la pelota, inician una transición ofensiva intentando anotar en las porterías pequeñas."
Situación de partido,Ataque de área llegando,XxX,Ataque vs defensa con zonas marcadas e instrucciones específicas,https://drive.google.com/file/d/1VVcV1SZZHA9Ew6FfAsRyGDsBMIjxa-O3/view?usp=sharing,,https://drive.google.com/file/d/13fglN_Sab8nD-YAwt9HoktbmVqFzW3sy/view?usp=sharing,Dinámica de ataque y defensa en la que se divide el campo en zonas y se van dando instrucciones generales tanto en ataque como en defensa.
Situación de partido,Defensa de área llegando,6x5,Defensas en inferioridad ante ataques llegando al área,https://drive.google.com/file/d/1zNVBzhoME-607JURwsaGUCiOnoVLqpg6/view?usp=sharing,,https://drive.google.com/file/d/1GlKGkISgjJ6RQAN-cZ7b0zyRigKtjyVB/view?usp=sharing,"Situación de ataque defensa en la que se incide en la defensa en inferioridad tanto en el momento de ataque como en el de la presión tras pérdida (intervienen dos jugadores del equipo que está esperando para modificar la desigualdad numérica).
*Se introducen segundos balones para darle dinamismo a la tarea y para trabajar las reubicaciones."
Situación de partido,Defensa de área llegando,XxX,Defensas en inferioridad y transición hacia descolgados,https://drive.google.com/file/d/1e_9Wj_mZ2BHjV1V0tMzDJVTFXex11Gtl/view?usp=sharing,,https://drive.google.com/file/d/1Ry5FRN8U2lFSDq54YP5eWlhf67g3XI8g/view?usp=sharing,"Un equipo inicia un ataque en en el que tras superar el medio campo, tendrá superioridad y tratará de hacer gol. El equipo que defiende, tiene que intentar robar y contactar con los descolgados para anotar en la portería rival."
Situación de partido,Defensa de área estando,XxX,Defensas en inferioridad,https://drive.google.com/file/d/18rw0RHvHxRcCn86tLCYC0TlGlrbmvx5D/view?usp=sharing,,https://drive.google.com/file/d/1nRE2ftlPyNaICHcr1NVJhIiI3zLNMwD4/view?usp=sharing,"Defensas contra un ataque que cuenta con superioridad en los carriles exteriores (ahí se activan dos jugadores que solo actúan en la fase ofensiva).
Si se produce robo, se intenta conectar con los tres jugadores que están esperando y los que han perdido, se activan tras la pérdida para evitarlo."
Situación de partido,Defensa de área estando,XxX,Defensas en inferioridad en carriles externos,https://drive.google.com/file/d/1KHxl41zvEtHHdfH-cHfFydaexb-W0FW0/view?usp=sharing,,https://drive.google.com/file/d/1RFIZhvCXJ0keLn3esqpQmpN_ZQMRGXLq/view?usp=sharing,"Defensas contra un ataque que cuenta con superioridad en los carriles exteriores.
Si se produce robo, se intenta conectar con los tres jugadores que están esperando y los que han perdido, se activan tras la pérdida para evitarlo."
Situación de partido,Ataque de área llegando,XxX,Ataque 6vs4 - 1/2 tras segunda jugada,https://drive.google.com/file/d/1DZaCz4jRbQpl-f839LLhITu33CXZv1wq/view?usp=sharing,,https://drive.google.com/file/d/12bYs6NhYe49wGyNIicZU0wAP0Zx_gis-/view?usp=sharing,"Ataque 6vs4 - 1/2 en el cual se decide qué equipo de 6 ataca según el que gane la caída del desplazamiento en largo con  el que inicia la jugada.
A medida que pasa el tiempo de la jugada se van incorporando jugadores defensivos"
Situación de partido,Defensa de área estando,XxX,Defensa 10vs10 en bloque bajo,https://drive.google.com/file/d/13owl0ZxigQgHQAGw6KI6bTow-0RMLjyq/view?usp=sharing,,https://drive.google.com/file/d/1YlkO6U488K9uC4-Dr0WHsKfgRaUwhcOF/view?usp=sharing,Ataque vs defensa en bloque bajo que intenta salir a la contra y atravesar el centro del campo en conducción o pase.
Situación de partido,Defensa de área estando,XxX,Defensa en bloque bajo en inferioridad,https://drive.google.com/file/d/17cJiDXuhg1ygfjUfterQ7cl5OYb_O33Y/view?usp=sharing,,https://drive.google.com/file/d/1WCG6iftSAdF9ltJqhJSnTwxNn-tXi842/view?usp=sharing,Ataque vs defensa en inferioridad en bloque bajo que intenta salir a la contra y atravesar el centro del campo en conducción o pase o anotar en la portería grande.
Situación de partido,Progresión juego exterior Z 2-3,XxX,Ataque con zona de conquista en carril exterior y portería,https://drive.google.com/file/d/1x7W6xpJlaofElA0JTEqOYEeGIgwiGw4n/view?usp=sharing,,https://drive.google.com/file/d/1WhxIp4yoM4scjT0C1SIWNT1pZPLlpWRt/view?usp=sharing,"Ataque vs defensa con puntuación por conquistar zonas en carriles exteriores y por anotar en portería grande.
El equipo que inicia defendiendo, tiene que intentar robar y salir  en transición ofensiva para conquistar la línea de fondo rival."
Situación de partido,Priorizar recuperar tras pérdida Z 3-4,XxX,Ataque contra defensa y doble transición,https://drive.google.com/file/d/16TzzvktfUG9UExMMFNr_AMZjm-bb8fiD/view?usp=sharing,,https://drive.google.com/file/d/1c8Yaq_IN9W0JIAQsSFK6bhMd3OsfkjMg/view?usp=share_link,"Ataque posicional con el objetivo de hacer gol en la portería principal.
El equipo que defiende tiene que intentar robar y hacer una transición ofensiva.
La portería grande del centro vale 3 puntos, la de los laterales, 1 o 2 (en función de si es la del carril de pérdida o la del alejado) y la del fondo, 5.
El equipo que ha perdido la posesión realiza presión tras pérdida intentando prohibir que salga el balón de la zona de pérdida.
*Se puede dar un segundo balón al equipo que empieza defendiendo para forzar así la pérdida."
Situación de partido,ABP Ofensivo,XxX,Ensayo analítico de córner ofensivo,https://drive.google.com/file/d/1y2OrPq4r7yTb-b3CD5IrgRtzTzcvLUAy/view?usp=sharing,,https://drive.google.com/file/d/1-4jFflTIvOa4n6_ouGAc7zuh-ruCMrRD/view?usp=sharing,"Ensayo del balón parado ofensivo.
- Córner."
Situación de partido,ABP Ofensivo,XxX,Ensayo analítico de saque de banda ofensivo,https://drive.google.com/file/d/1g1o4rQw8-zNfa4Z5pqC7qHc21F7K_YbL/view?usp=sharing,,https://drive.google.com/file/d/1vvKexjHDozlzRJNpkp4ZgqyDjyfYbuxY/view?usp=sharing,"Ensayo del balón parado ofensivo.
- Saque de banda."
Situación de partido,ABP Ofensivo,XxX,Saques de banda vs trasnsición a doble área o centro del campo,https://drive.google.com/file/d/1XjaMO5oomKxxAehxCO9aWMmHYieexcJZ/view?usp=sharing,,https://drive.google.com/file/d/1eiG2CRzTbSPvwx32wN9Xs6-ccwvnHoMV/view?usp=sharing,Ataque y defensa de saques de banda más rechaces y contragolpes para anotar en portería que está en el doble área o salida en conducción hasta el centro del campo.
Situación de partido,ABP Ofensivo,XxX,Ensayo analítico de falta lateral ofensiva,https://drive.google.com/file/d/1zR0_FjcEo0-bFx4luI6OJmAXZqxANRg1/view?usp=sharing,,https://drive.google.com/file/d/1YfzSPs2sTtprFnGlqxX5ekb6BNlKxA5h/view?usp=sharing,"Ensayo del balón parado ofensivo.
- Falta lateral."
Situación de partido,ABP Ofensivo,XxX,Ensayo analítico de falta frontal ofensiva,https://drive.google.com/file/d/1DLOea3isj6zkK1LviHuN44cjiog1yzhK/view?usp=sharing,,https://drive.google.com/file/d/1zJw-ICLxmit2pgf1cNla2tPKl8jOMVba/view?usp=sharing,"Ensayo del balón parado ofensivo.
- Falta frontal."
Situación de partido,ABP Ofensivo,XxX,Ensayo de saque de centro ofensivo analítico,https://drive.google.com/file/d/1bbreDzel8FmNEiLEeDGG5bBPsBMdHjk_/view?usp=sharing,,https://drive.google.com/file/d/1OttZjCbXZcf-AvmII8uuzUKj8q4q-wGk/view?usp=sharing,"
Ensayo del balón parado ofensivo.
- Saque de centro."
Situación de partido,ABP Defensivo,XxX,Córner más doble área o contrataque,https://drive.google.com/file/d/1ClzC4y4NXiLjQFleUloLZsD3RgfM99cA/view?usp=sharing,,https://drive.google.com/file/d/1QYKYseqs4_5KecG3rnu4kGLJ2m3CmXTd/view?usp=sharing,Defensa de córners más rechaces y contragolpes para anotar en portería que está en el doble área o salida en conducción hasta el centro del campo.
Situación de partido,ABP Defensivo,XxX,Córner con puntuaciones diversas,https://drive.google.com/file/d/1nG1mdbVVcQPJsrDxHXS2av9DtljNvhLG/view?usp=sharing,,https://drive.google.com/file/d/122IXcEEpQM1pNxWz3EADcNOOw-5B6Z-y/view?usp=sharing,"Córners con puntuaciones según diversos eventos:
- Gol --> 5 puntos.
- Salida al contraataque exitosa --> 4 puntos.
- Remate --> 3 puntos.
- Despeje --> 2 puntos.
- No remate ni despeje --> 1 punto."
Situación de partido,ABP Defensivo,XxX,Saques de banda más doble área o contrataque,https://drive.google.com/file/d/1U4olkDQ0lmx2DjXqAhDaAJ83hc4l2uQX/view?usp=sharing,,https://drive.google.com/file/d/1zd7aXr2N8Y8I6A1fzXqWIqfKOJGPCkfO/view?usp=sharing,Defensa de saques de banda más rechaces y contragolpes para anotar en portería que está en el doble área o salida en conducción hasta el centro del campo.
Situación de partido,ABP Defensivo,XxX,Faltas laterales defensivas más doble área o contraataque,https://drive.google.com/file/d/1ElnLgFODu4VgVKKeAFsA0Egiluqy7KYO/view?usp=sharing,,https://drive.google.com/file/d/1k497BdANXrBFA2DgKwQ_EKDU7AfkUQqw/view?usp=sharing,Defensa de faltas laterales más rechaces y contragolpes para anotar en portería que está en el doble área o salida en conducción hasta el centro del campo.
Situación de partido,ABP Ofensivo,XxX,Faltas laterales ofensivas más doble área o contraataque,https://drive.google.com/file/d/1ElnLgFODu4VgVKKeAFsA0Egiluqy7KYO/view?usp=sharing,,https://drive.google.com/file/d/1k497BdANXrBFA2DgKwQ_EKDU7AfkUQqw/view?usp=sharing,Ataque de faltas laterales y contragolpes para anotar en portería que está en el doble área o salida en conducción hasta el centro del campo.
Situación de partido,ABP Defensivo,XxX,Faltas frontales más contraataque,https://drive.google.com/file/d/1dTFxVWj9mnXJW-LXD6TIZbKdDLjifdHz/view?usp=sharing,,https://drive.google.com/file/d/1G6nRA1JHQexWP93WaCoRNzgWLW7o1rCc/view?usp=sharing,Defensa de faltas frontales más rechaces y contragolpes para anotar en portería que está en el centro del campo o atravesar la línea divisoria.
Situación de partido,Finalizar / Evitar Finalizar,1x0,Golpeos tras depejes,https://drive.google.com/file/d/1MUrhE-YuwLGZmqW5nwZtPMBA9dpjptgH/view?usp=sharing,,https://drive.google.com/file/d/1r6mAZAcz57a6Qagr_Ui1WxmDvJUEyltJ/view?usp=sharing,"Los defensas se colocan en el área pequeña y reciben un balón centrado. Tienen que imponerse a los muñecos de aire y despejar.
En la frontal se encuentran tres jugadores esperando coger ese despeje para tirar a portería."
Situación de partido,Finalizar / Evitar Finalizar,1x0,Finalizaciones de fuera del área tras combinación simple,https://drive.google.com/file/d/1sFikaM6hLmzeozax9tD4z5mnNr1KYIz9/view?usp=sharing,,https://drive.google.com/file/d/1s3yVVXHmqKrSQN3pr4Vedc6s_TCxWhrI/view?usp=sharing,"Competición de finalizaciones simples con combinación de pases para una dejada al borde del área y tiro desde ahí. Puntuación: parada portero 0 puntos, gol 3 puntos, fuera de palos menos 1."
Situación de partido,Finalizar / Evitar Finalizar,1x0,Tiros tras dejadas de cara,https://drive.google.com/file/d/17qkUWPKZC87RCxZB4cXudj2gv7arXxWj/view?usp=sharing,,https://drive.google.com/file/d/1T9rmqjeA3kZuopFlT98iGvvP_Z45uUOp/view?usp=sharing,Se realiza una rueda de pase basada en el tercer hombre y en el desmarque en el momento oportuno hasta que se llega a la frontal donde se produce la última dejada y el tiro a portería.
Situación de partido,Finalizar / Evitar Finalizar,2x0,Rueda de tiros,https://drive.google.com/file/d/1hyBwLGgCRFrM4UjBx_tvteXS-V1Cjtzz/view?usp=sharing,,https://drive.google.com/file/d/1lwKqSLvKMdOBGdmshCuqcbD4wMASU_TO/view?usp=sharing,"Dos jugadores se colocan en el punto de penalti y ahí reciben varios pases de diversas zonas (tras ser anunciada por el lanzador del pase o tras realizar desmarque) para que finalicen en uno o dos toques.
El compañero que no remata tiene que estar atento a ver si coge el posible rechace."
Situación de partido,Finalizar / Evitar Finalizar,5x4,Finalizaciónes de atacantes y defensa de defensores,https://drive.google.com/file/d/1eFBX8Xz3AmsO5dd1voa_L6rRHMnohgDT/view?usp=sharing,,https://drive.google.com/file/d/1IUjZqV26G-fMjYCbW1hZpWY_NOvF5LzP/view?usp=sharing,"Los atacantes lanzan el balón a una de las dos bandas y a partir de ahí entran a rematar 1, 2, 3 o 4 jugadores (van cambiando el número).
Los defensores responden a la actuación de los atacantes para emparejar y librar en primer palo si es posible. El lateral de la banda que centran sale a taponar ese envío. Si lo consigue se lanza un segundo balón a esa banda y se juega como si hubiera habido un despeje.
"
Situación de partido,Finalizar / Evitar Finalizar,XxX,Finalización de defensas y defensa de atacantes,https://drive.google.com/file/d/1c7KuowIK8Wd6ns9PTl4oyOz0dmMvvDOy/view?usp=sharing,,https://drive.google.com/file/d/1kMlz3-_ebfEny73DLcFeTJ886gN5B1gu/view?usp=sharing,Los defensas entran a rematar a un córner defendido por los atacantes y tras esa jugada se envía un balón al sacador del córner que se había reincorporado al juego para poner un segundo balón (como si hubiera recibido un despeje).
Situación de partido,Finalizar / Evitar Finalizar,Xx0,Técnica colectiva para finalizaciones variadas,https://drive.google.com/file/d/1xUtQHnX4QxvH1p-QmRJxxgG13Tq8CpAs/view?usp=sharing,,https://drive.google.com/file/d/1yCxEJ8J7CMRBwssaM5pxZUu46YuKmm27/view?usp=sharing,Técnica colectiva con juego interior y exterior para acabar con finalizaciones variadas.
Situación de partido,Finalizar / Evitar Finalizar,3x1,2 Finalizaciones específicas,https://drive.google.com/file/d/1HVJJnN9kH1p5eczj2t3ic9io5ezvEWMW/view?usp=sharing,,https://drive.google.com/file/d/19XOkVyep8WaqY6v8hDtEnEg1PAtRKGQf/view?usp=sharing,"Evoluciones sin oposición que parten de una disputa de mc, una caída y apertura a banda para que se juegue una pared y se centre el balón.
Defiende uno y entran a rematar dos puntas y extremo de banda contraria. Cuando acaba la acción se lanza un balón a la zona de rechace para que finalicen en tiro los mediocentros."
Situación de partido,Finalizar / Evitar Finalizar,6x4,3 Finalizaciones específicas,https://drive.google.com/file/d/1nNeX84up4eF7o1U8DSxhk7Fz4NEwvzZt/view?usp=sharing,,https://drive.google.com/file/d/1DnhxABXvDbUf1CXDxFYC3VtWKO1DwX2q/view?usp=sharing,"Finalizaciones encadenadas en 6vs4. Entrada por banda, con centro y remate. Segundo balón a la frontal del área para golpeo a puerta de los medio centros y tercer balón a banda contraria para una acción libre."
Situación de partido,Finalizar / Evitar Finalizar,2x0,Pases y finalizaciones,https://drive.google.com/file/d/18Cvo-EENbRmkPignijI-UfPSQuqwhh5t/view?usp=sharing,,https://drive.google.com/file/d/1B-NA9RCo0_ThMZRgQ82LYsFwRmbD87dx/view?usp=sharing,"Ejercicios de finalización por parejas.
A) Sale una pareja de una portería y pasa el balón a un miembro de otra pareja que está entre medio de las dos porterías. Este deja de cara al que no la ha pasado y este la pasa al espacio al que no la ha recibido para que defina ante el portero.
B) Pase cruzado a la pareja del medio. Un jugador la deja pasar y realiza un desmarque para el balón que le enviará el receptor al espacio. A partir de ahí, define ante el portero."
Situación de partido,Finalizar / Evitar Finalizar,2x1,Paredes o semiparedes en carril central,https://drive.google.com/file/d/1fGy1Fx0d-HgmrPbPKHIhEOmI6Q_vTktG/view?usp=sharing,,https://drive.google.com/file/d/1yeopVRYhBCnNzPCqSt0L_V8rY0gOQY7_/view?usp=sharing,"Los jugadores interiores reciben una pelota desde la banda y en función de la presión que haga el defensa se opta por un control con perfilación más fijación y pared o dejar pasar el balón y seguir la semipared.
Tras ambas opciones se finaliza en portería y se recupera la posición.
El defensa si roba intenta salir en conducción o anotar en miniporterías."
Situación de partido,Finalizar / Evitar Finalizar,3x2,Finalizaciones tras pases filtrados y dejadas de cara en carril central,https://drive.google.com/file/d/13cTQgjxX6jTajE3ii6Uj5de6K98E1tUq/view?usp=sharing,,https://drive.google.com/file/d/1Gp-K20I_sKYmDOs6ryJP2_ztZ_TGAASU/view?usp=sharing,"2 finalizaciones consecutivas en parejas con ayuda de un jugador exterior:
- La primera se produce tras una combinación de pases filtrados y dejadas de cara en carril central + apertura de banda y centro lateral.
- En la segunda, el jugador que ha centrado viene a recibir un balón al carril central y combina con los dos rematadores para que con su ayuda, jueguen un dos para dos en zona de finalización."
Situación de partido,Finalizar / Evitar Finalizar,Xx0,3 Finalizaciones ante bloque bajo,https://drive.google.com/file/d/1a5gQCMxfs7UPBXebiypbYQLWaC2piRPl/view?usp=sharing,,https://drive.google.com/file/d/1bnVBTP6qxuHVSPemuLYpjFmDFDlYDQ0X/view?usp=sharing,Sucesión de 3 finalizaciones ante un bloque bajo combinando movimientos de apoyo y ruptura para finalizar desde distintas posiciones.
Situación de partido,Finalizar / Evitar Finalizar,XxX,Finalizaciones ante defensas pasivas,https://drive.google.com/file/d/10An1eWI2txVjEsxe0VcC7WhoqM69XdtV/view?usp=sharing,,https://drive.google.com/file/d/1FKKPExonW7sHkLPjD7q_i9vtuVGaTjxw/view?usp=sharing,"Movimientos en zonas de pre-finalización y finalización contra una defensa pasiva. Si la jugada acaba en gol, en la siguiente acción se vuelve a atacar, si la para el portero, el equipo que ha atacado pasa a hacer defensa pasiva en bloque bajo y si el remate acaba fuera de portería, se vuelve a bloque medio-bajo. "
Situación de partido,Finalizar / Evitar Finalizar,XxX,3 Finalizaciones encadenadas,https://drive.google.com/file/d/11r6z0CWqd4zyc8J0Xypy-GCqWe5oM8uD/view?usp=sharing,,https://drive.google.com/file/d/1EjC3gJY2eCYR0GkU_POZQ-wJbefY16Hc/view?usp=sharing,"·3 acciones ofensivas encadenadas de 7 vs 4:
- Ataque combinado.
- 1vs1 en banda.
- Rechace en la frontal."
Situación de partido,Finalizar / Evitar Finalizar,XxX,Finalizaciones tras paredes,https://drive.google.com/file/d/1k0eSwuJTX-UM__fBl2fYQaQ4ql08dEHH/view?usp=sharing,,https://drive.google.com/file/d/15H8W5-khkpciDZoXAMOcVoikdp4ys7Z7/view?usp=sharing,"3 finalizaciones combinadas tras un intento de pared en distintas zonas del campo.
Si el defensa roba el balón realiza un disparo de fuera del área antes de que se le echen encima los atacantes que han participado en esa acción."
Situación de partido,Finalizar / Evitar Finalizar,1x0,Finalizaciones encadenadas,https://drive.google.com/file/d/1SkWHEKUjq1rfqK_Duh2Nl7Fsba18epQq/view?usp=sharing,,https://drive.google.com/file/d/12tU_PyWKYGhsvxZm8yv9ebUIF4R8pmOu/view?usp=sharing,"Finalizaciones encadenadas. Rueda de pase/centro 
y remates en dos porterías enfrentadas. Trabaja un 
equipo y el otro recoge balones."
Situación de partido,Finalizar / Evitar Finalizar,2x1,Finalizaciones encadenadas individuales y parejas,https://drive.google.com/file/d/1NGNgVGvjEw4m4zWxvk1j-m5Gi33g6L9c/view?usp=sharing,,https://drive.google.com/file/d/1m4g8sDDRSr9waeB_brwm6XU8nCk6xX4U/view?usp=sharing,Finalizaciones encadenadas por parejas  con centro y remate (de ambas bandas tras acción previa de pared / doble pared / regate) y doble tiro de fuera del área. Tras una ronda completa se cambian los roles.
Situación de partido,Finalizar / Evitar Finalizar,Xx0,Finalizaciones ganadas con goles,https://drive.google.com/file/d/19zWddmFPkJhRefCwYQFt9bBjgq8ixMWb/view?usp=sharing,,https://drive.google.com/file/d/1-lO1Wg9dSg8olzMKtTbMZ04ESiaZCc9z/view?usp=sharing,"Con el grupo dividido en tríos, un jugador de un trío recibe un pase y juega un mano a mano contra el portero, si mete gol, un compañero suyo se incorpora al ataque y el otro pone un centro (tras realizar una pared o un regate) para que rematen estos dos. Si meten gol, el que ha realizado el centro, recibirá un tercer pase para realizar un disparo desde fuera del área.
En el momento en el que no se mete gol (directo o de rechace) el grupo que estaba colaborando con pases, empieza a finalizar.
*Se realiza competición entre tríos."
Situación de partido,Finalizar / Evitar Finalizar,5x3,3 ataques tras pase filtrado,https://drive.google.com/file/d/1gVNZtMk91zNZA-D7dODh57R0fHZFRIE5/view?usp=sharing,,https://drive.google.com/file/d/11u_KI23-U7KR_86oa8OJyOvfWD-zUMzW/view?usp=sharing,"Finalización que parte de un pase a la espalda de uno de los 5 atacantes que se enfrentan a 3 defensores.
Tras ello se provoca una situación de centro remate y otra de lanzamiento de fuera del área."
Situación de partido,Finalizar / Evitar Finalizar,3x0,Finalizaciones en distintos contextos,https://drive.google.com/file/d/1e54hsh7dWoEjKJvCN79XJ5cWZ1XfUpHl/view?usp=sharing,,https://drive.google.com/file/d/17M5UqUH73c8p3xBW3VJexX_bWzKZHdvm/view?usp=sharing,"Finalizaciones encadenadas con:
1- Tiro fuera del área.
2- 1 vs portero.
3- Centro línea de fondo.
4- Centro 3⁄4
Tras ello se produce un ataque 4vs3. *Al finalizar se
cambian roles y los que estaban fuera entran."
Situación de partido,Finalizar / Evitar Finalizar,3x2,Transiciones 3vs2,https://drive.google.com/file/d/1m5CHrVVvRdRm_baaN944Gcu52KxsUkQ-/view?usp=sharing,,https://drive.google.com/file/d/10A-eBYl7r61F-QIY2LJMFiPddSvaD2lj/view?usp=sharing,"Transiciones defensa ataque en 3vs2 con el objetivo de acabar rápido en la portería contraria. Los defensas tratan de evitarlo y si lo logran, lanzan un contraataque (los que han perdido realizan presión tras pérdida)."
Situación de partido,Finalizar / Evitar Finalizar,3x2,Transiciones 3vs2 y 1vs1,https://drive.google.com/file/d/1QRxCFLUbLHh13n9AbhRgO8934up_2ui8/view?usp=sharing,,https://drive.google.com/file/d/1-HG1DASmJe2ZQeqFWm_vEN5n9zznqUD1/view?usp=sharing,"Transiciones en 3vs2 y 1vs1. Un equipo empieza atacando y le salen dos defensores de otro equipo.
Cuando acaba el ataque, los defensas se abren a los carriles laterales y reciben un balón cada uno. En el carril central sale el tercer miembro del trío y los tres realizan un 1vs1 para finalizar en portería grande o pequeña según corresponda.
Tras finalizar esto, los 6 jugadores se retiran."
Situación de partido,Finalizar / Evitar Finalizar,2x1,Ataques 2vs1 y 3vs3,https://drive.google.com/file/d/1cUbqvqdIQhAVaeN6ij-4vVwKPioi8e35/view?usp=sharing,,https://drive.google.com/file/d/17PG8kMOwd1O2J5yGvlaNEW1gWzimoJRm/view?usp=sharing,"Dos parejas realizan ataques contra un defensor con el objetivo de anotar en una miniportería. La pareja que antes consiga gol, pasará a atacar junto con el defensor del otro lado en un 3vs3 (el defensor que ha recibido gol y la pareja que no ha anotado)."
Situación de partido,Finalizar / Evitar Finalizar,3x2,Transiciones 3vs2 o 2vs1,https://drive.google.com/file/d/1a7DiQB_1liML7JpHVGHYhGW_k_UZQ_qR/view?usp=sharing,,https://drive.google.com/file/d/1IofoEEU690UQUno5-AjLbjWBvEAETLGa/view?usp=sharing,Transiciones en 2vs1 o 3vs2 (el equipo atacante elige con cuántos salen y los defensores reaccionan). El equipo defensor cuenta con un defensor extra que elimina la inferioridad y que sale cuando el poseedor de balón atraviesa la línea discontinua. Los otros tienen que temporizar hasta que llegue la ayuda.
Situación de partido,Finalizar / Evitar Finalizar,3x2,Finalizaciones en 3vs0 y 3vs2,https://drive.google.com/file/d/1QXWZGFpGbxhTW00mQXtPFaf70FA2oQhq/view?usp=sharing,,https://drive.google.com/file/d/1Ri1nzl0W3lHNEX60tiDi8QqvjCLGJPlU/view?usp=sharing,"Un equipo inicia una transición ofensiva en 3 contra el portero y cuando disparan a portería, salen otros 3 jugadores a atacarles. El que había rematado tiene que ir a tocar un palo y después volver a defender. Mientras tanto, sus compañero temporizan esa transición defensiva."
Situación de partido,Finalizar / Evitar Finalizar,2x1,"Transiciones 1vs0, 1vs1, 2vs1 ...",https://drive.google.com/file/d/1Ik8dhGAuc7w2wd-mtxHWYDzd2V5t2QCU/view?usp=sharing,,https://drive.google.com/file/d/15nvj0TjXtUc9mw7fyEAqywZdYdUoSSjz/view?usp=sharing,"Transiciones encadenadas desde el 1vs0 hasta el 3vs2. Se prioriza el fijar a un rival cuando hay superioridad y en interpretar momentos de conducción, pase o disparo."
Situación de partido,Finalizar / Evitar Finalizar,2x1,Transiciones con regresos defensivos,https://drive.google.com/file/d/1tvvTkZfAyYyIT89iMpbvcs4RnAE0Vp61/view?usp=sharing,,https://drive.google.com/file/d/1IN8MKW3nBo8x5F24Km5oNlZn0bdge1Xv/view?usp=sharing,Ataques 2vs1 con un defensor extra que recupera la posición mientras el otro temporiza. Una vez finaliza ese ataque se inicia un 3vs2 contra la portería contraria.
Situación de partido,Finalizar / Evitar Finalizar,4x2,Finalizaciones con defensas aumentando,https://drive.google.com/file/d/1Wb6hBVGsIMGMUdSVG0wMMlhTOjlj7IBP/view?usp=sharing,,https://drive.google.com/file/d/1GTODBPulE5BPgxVK1i4cog-OyIfm52Nk/view?usp=sharing,"4 atacantes realizan 4 ataques contra un grupo defensivo que va aumentando en número y que partirán de estar posicionados o de estar haciendo un regreso defensivo.
Si en algún momento los defensores consiguen robar el balón y meter gol, se acaba la serie y se intercambian los roles para la siguiente (si no, se espera hasta que se realicen los cuatro ataques). "
Situación de partido,Finalizar / Evitar Finalizar,2x1,Finalizaciones 1vs1 con posible ayuda,https://drive.google.com/file/d/1ApF0fequ7G2LfxSdF9fZa4Nacx0sb45f/view?usp=sharing,,https://drive.google.com/file/d/1SmmSts4WzvsQ74AVNY28m5ho-CEbU7fX/view?usp=sharing,Acciones de 1vs1 desde distintas ubicaciones en las que se puede incorporar o no una persona para ayudar al jugador atacante.
Situación de partido,Defensa de área llegando,5x4,5vs4+1 (persiguiendo),https://drive.google.com/file/d/12zUE6VJYbPBbWxxHvZCZutk98esXHZQf/view?usp=sharing,,https://drive.google.com/file/d/1ShSRp5LRocrKcI47BqsXb-GLO1JOQkl-/view?usp=sharing,"Un extremo da pases con el lateral contrario hasta que decide conducir hasta la línea de fondo y buscar un pase para que sus compañeros rematen a puerta o saca un disparo él mismo.

El lateral que estaba dando pases le persigue y el resto de defensas y mediocentro intentan ajustar su posición para evitar el remate.

Si roban la pelota la despejan intentando introducirla en las miniporterías sin que los que la han perdido lo eviten."
Situación de partido,Defensa de área llegando,6x6*,Finalización tras desmarque a espaldas de laterales,https://drive.google.com/file/d/1iKq_f5dCNonbkLTB7soO9gvM_NjQRn10/view?usp=sharing,,https://drive.google.com/file/d/1bQQwC6IXAjAgFu5yMcHrC7hqQp-xv5rt/view?usp=sharing,"Finalizaciones que parten de un desmarque a la espalda del lateral ya sea por parte del extremo o de cualquier jugador interior del equipo contrario.
Para aumentar la incertidumbre sobre quién realiza ese desmarque, se pondrán a la vez dos balones en juego.
Una vez que se ha producido ese desmarque y se ha contactado con esa persona, se lanza el ataque y responde la defensa."
Situación de partido,Defensa de área estando,5x5*,Finalizaciones tras disputa y caída,https://drive.google.com/file/d/1xFgLXXJsOjTINgFFZOnelwei9u-cctUP/view?usp=sharing,,https://drive.google.com/file/d/1MqeVglbABVsVHJy5_2Nrm9F1Zt6EHf5H/view?usp=sharing,Dos equipos disputan un balón aéreo lanzado desde distintos puntos del campo y tratan de hacerse con la caída para sacar el balón a los comodines exteriores y así poder contar con superioridad numérica hasta que la jugada se acabe. En ese momento se intercambian los comodines exteriores por jugadores interiores y se vuelve a introducir un balón largo.
Situación de partido,Finalizar / Evitar Finalizar,3x3*,Oleadas de 3vs3,https://drive.google.com/file/d/1kuL9_RXGJ0QRi59MmyAPyDndo0t_XIVC/view?usp=sharing,,https://drive.google.com/file/d/1yKOwx0ZPeIgO7x1reuGYanHXMKYLBb3r/view?usp=sharing,"Los jugadores se distribuyen en tríos. Uno de ellos sale a atacar a la portería contraria, donde les estará esperando otro trío.
Si el trío ofensivo consigue gol, recibirá un segundo balón para atacar la misma portería otra vez contra los mismos rivales.
Si la jugada acaba (pero sin gol), el equipo defensivo realizará una transición ofensiva contra un nuevo trío.
Si el equipo defensivo roba el balón o el portero detiene el disparo, los seis integrantes realizan una transición ofensiva / defensiva (según corresponda)."
Situación de partido,Finalizar / Evitar Finalizar,2x2*,2 x (2vs2) en portería grande y pequeñas,https://drive.google.com/file/d/1qLI53xVv8BNt-uAzjqo5fd4W_ZV-ixZq/view?usp=sharing,,https://drive.google.com/file/d/1pYBwwQgJDwid1MSJTZVQxE8_N8EEYgMs/view?usp=sharing,Dos equipos de 2 jugadores con dos apoyos externos se enfrentan en un partido en los que se defienden dos porterías grandes. Cuando finaliza la acción (el balón sale del campo o hay gol) un jugador de dentro y otro de fuera va a cada lado y ahí juegan otro 2vs2 atacando y defendiendo 2 porterías pequeñas.
Situación de partido,Finalizar / Evitar Finalizar,1x1,Finalizaciones 1vs1 en diversos contextos,https://drive.google.com/file/d/10EOp7YosrPE3vzQ7YwUU9uhPyJMwIP1u/view?usp=sharing,,https://drive.google.com/file/d/1rCchQPLuz_tRrr3825UhNMKMB9GzwCXC/view?usp=sharing,"Acciones de 1vs1 con recepción de pase e intento de regate, tras la cual, ya sea por éxito o fracaso, se recibe un segundo pase para una finalización rápida.
Tras finalizar la segunda acción, se cambian los roles."
Situación de partido,Finalizar / Evitar Finalizar,2x1,Rondo y finalizaciones en 2 vs 1 por éxito o fracaso,https://drive.google.com/file/d/1cxuMhElWzClOESxd6cydkgAym-evKEgK/view?usp=sharing,,https://drive.google.com/file/d/1TGzy17fIT8xXP0R-6_RxmbdWIUq0cGQy/view?usp=sharing,"Un equipo realiza un rondo 9 vs 2 a un toque. Si consiguen dar 10 pases seguidos, tienen que sacar el balón hacia los jugadores que están fuera para que pongan un centro y entren a rematar el pasador y el anterior jugador que haya intervenido contra uno de los dos jugadores que no ha conseguido robar la pelota en el rondo.
Si por contra, se produce el robo durante el rondo, un jugador roba el balón y consigue sacarlo fuera, los dos que han robado entran a rematar y el que ha perdido tiene que defender.vPara evitar esto, los que han perdido el balón tienen que hacer una presión tras pérdida para que el balón no salga del espacio de juego.
Tras cada acción finalizada, se cambian los dos robadores por dos jugadores de los que están fuera."
Lúdicas,Psicológica,XxX,La araña,https://drive.google.com/file/d/1ey08uCGigt9i4mw625MAnyVKMQjsOZq7/view?usp=sharing,,https://drive.google.com/file/d/1IbM_fkfSWzxgAqRCPa1UxDfeV02M87Iw/view?usp=sharing,"La mayor parte del grupo se coloca en una línea de fuera de juego del campo de fútbol 7. Cada jugador con un balón.
El resto de compañeros se colocan sin balón en el la línea del centro del campo (de la cual no pueden salir).
Los que poseen el balón tienen que atravesar dicha línea con una conducción de balón (sin perder el control del mismo) y avanzar hasta la otra línea de fuera de juego.
Si las arañas roban el balón se cambian los roles."
Lúdicas,Psicológica,XxX,Las 4 divisiones,https://drive.google.com/file/d/1kZEFsGIa22iBuazcFNwSoL2gjrircHq6/view?usp=sharing,,https://drive.google.com/file/d/1ezMpbqv5O8kZh2xxtG76nUYHVezVl3Sm/view?usp=sharing,"El campo se divide en 4 cuadrados. Todos los jugadores inician con un balón dentro de la cuarta división. Si un jugador es capaz de enviar el balón de un compañero fuera del cuadrado en el que están ambos, asciende al cuadrado siguiente, mientras que la persona a la que se lo han sacado, desciende."
Lúdicas,Psicológica,XxX,"Tierra, mar y aire",https://drive.google.com/file/d/1XbabqzwJUteyTiD3LMJXKUj53RtP6-Zn/view?usp=sharing,,https://drive.google.com/file/d/1vzcuxsM6SzmtvKYWE_y1BiUV7fPFIvlu/view?usp=sharing,"Un jugador se coloca en el centro de un círculo y desde ahí, va enviando su balón a un jugador de los que está fuera del círculo a la vez que le dice: tierra, mar o aire.

El jugador que recibe el balón tiene que devolverlo a la primera a la vez que dice un animal de dicho medio.

Si acierta, sigue en el círculo, si falla, tiene que dar una vuelta al círculo hasta regresar a su posición.

* No se puede repetir animal.

** Otras temáticas: Pueblo, Ciudad, País / Jugador, equipo, selección."
Lúdicas,Psicológica,5,Paso en el momento adecuado,https://drive.google.com/file/d/1JAwRTSlBtI2w8MNUFw2u8BbHJ6Rzadi4/view?usp=sharing,,https://drive.google.com/file/d/122WPWg4Cd0qgYz0bE2Mfoat-UWN943hf/view?usp=sharing,"En un cuadrado dos de los cuatros jugadores que ocupan los lados tienen que contactar con el jugador que se coloca en el centro del cuadrado haciéndolo de tal forma que no se mezclen los balones y que no pare ningún balón.
* Se puede prohibir seguir una misma secuencia."
Lúdicas,Psicológica,XxX,Balonmano cabeza,https://drive.google.com/file/d/1cuHwsODQd8Tc4m-UuEOBB1Lx6DjC2GsN/view?usp=sharing,,https://drive.google.com/file/d/1XX7FtGycZhBE9ATKIExSKTzJ2ZZrlDK_/view?usp=sharing,"Dinámica de posesión con la mano con finalización en porterías (rematando con la cabeza) o con la realización de 10 pases seguidos.

La forma de robar el balón será tocando al poseedor del mismo, interceptando un pase (con la mano si es por debajo de los hombros) o con la cabeza (si es por encima).

No hay portero fijo y todos pueden parar un remate de cabeza para evitar el gol."
Lúdicas,Psicológica,2x2,Fútbol sin balón,https://drive.google.com/file/d/1kN7p7JeBarlM4LpNfNCMrsuFYQ7Bqsqo/view?usp=sharing,,https://drive.google.com/file/d/1qPHrR7Gu4_5ZdgKBSxCcL5hIB_Yiou7-/view?usp=sharing,"Una pareja o trío inicia el ataque con un balón imaginario que lo porta una persona (levanta la mano para que sepan que él inicia) y que lo puede llevar o pasar (diciendo el nombre de un compañero). El objetivo del equipo ofensivo es que el portador del balón cruce la línea de fondo contraria mientras que el equipo defensivo tiene que impedirlo y para ello puede robar el balón (tocando al poseedor del mismo).
* Se puede permitir contraataque (el que roba toca el suelo e inicia un nuevo ataque)."
Lúdicas,Psicológica,1x1,Pañuelo de finalización,https://drive.google.com/file/d/1Gv7iNrZLXw_-0Qb5WeeQqtHYeP-2at5V/view?usp=sharing,,https://drive.google.com/file/d/1aO0nA-8WXYeWP546XpGgjHw_KK_iB-Q5/view?usp=sharing,"Pañuelo con balón. Los jugadores de cada equipo cogen números del 1 al 5. Cuando se dice el número de este jugador, este sale al centro y pelea con su rival por el balón que envía el portero. El que se hace con la posesión intenta meter gol y el otro intenta robársela y hacer lo propio (la acción no dura más de 20”).
* Se pueden decir dos números y jugar 2vs2."
Lúdicas,Psicológica,1x0,Remates de cabeza encadenados,https://drive.google.com/file/d/19X2ALB6gLSGCS7NbPuKqAf7UQEe2sveD/view?usp=sharing,,https://drive.google.com/file/d/1v2A6VBB46aAmskhPKRtp-V2Je80mrnYZ/view?usp=sharing,"Una persona de un equipo realiza una carrera hasta bordear una pica y entra a rematar el pase con la mano de un compañero de su equipo que saca de banda desde la línea de fondo.

Tras ello, el que ha rematado se pone de portero para defender el remate del jugador del equipo contrario y el que ha pasado el balón inicia la escalera de coordinación y realiza un ejercicio de movilidad articular hasta su fila."
Lúdicas,Psicológica,5,Escapar de la tela de araña,https://drive.google.com/file/d/11aHxQmT5USHjGbHa4OWJaP5TdwT91SwL/view?usp=sharing,,https://drive.google.com/file/d/16uw9xB1oJ5EBxMRTOfY5OUKmN31Cq9c8/view?usp=sharing,"Posesión en un rectángulo en el cual hay cuatro cuadrados más pequeños en cada una de las esquinas.
El objetivo del equipo que tiene la pelota es conseguir que un jugador reciba un pase en esa zona y consiga contactar a la primera con un compañero.
Si lo consigue, habrá conquistado esa zona y habrá que buscar las otras zonas.
Al perder el balón se reinicia el juego."
Lúdicas,Psicológica,1x1,Duelos 1vs1,https://drive.google.com/file/d/1anZwXWibdAlFuu_whn3p2KSdg-GY3hvT/view?usp=sharing,,https://drive.google.com/file/d/10RpLd6ulrTYicOfbJBEZyMp7cfV_4bOn/view?usp=sharing,"Dos equipos (divididos en dos subgrupos que se colocan enfrentados en cada portería) se baten en duelos 1 contra 1 en el que el jugador ofensivo tiene que intentar regatear al defensa y anotar en la portería que tiene enfrente.
Si lo consigue, sale un compañero de su equipo (de la fila que hay en esa portería) y ataca a otro defensa que se incorpora de la fila restante.
Si no lo consiguiera, saldría un jugador del otro equipo a atacar y un compañero del que estaba atacando, saldría a defender."
Lúdicas,Psicológica,6,Adivina mi control orientado,https://drive.google.com/file/d/1hnKVbwCukObppEmd5Kt2GJHePUHMSWlZ/view?usp=sharing,,https://drive.google.com/file/d/1DH8SEKfFz5971q_RbGif8Co3NBl2J8pL/view?usp=sharing,"Cuatro jugadores irán dando pases a un jugador que irá devolviéndolos hasta que en uno decida hacer un control orientado hacia una de las miniporterías que tiene a los lados para introducir el balón en ellas con un pase.
En ese momento, el defensa tiene que intentar interceptar ese pase."
Lúdicas,Psicológica,1x1,"Activación con escalera y piedra, papel o tijera",https://drive.google.com/file/d/1I1D5CYNUrGMokdmZ9dRlutxQjYxnV5EL/view?usp=sharing,,https://drive.google.com/file/d/17TrIsYr3F0lwiXeErDc4Thc8qsFXuUmd/view?usp=sharing,"Dos jugadores realizan un ejercicio de coordinación en escaleras y de ahí se dirigen lateralmente hasta un cono. Cuando se juntan, juegan una partida de piedra, papel o tijera.
El que gana elige el lado al que escapa. El otro tiene que ir por el otro lado.
El primero que coja el balón tiene que intentar meter gol en las miniporterías y el otro jugador, evitarlo."
Lúdicas,Psicológica,XxX,"Piedra, papel o tijera colectivo",https://drive.google.com/file/d/1yFWb58FFvtrIOGag8IF4jz5kqndJDZIW/view?usp=sharing,,https://drive.google.com/file/d/109CMj09C0XYPc1S3SKN_4AX_EDIpnuGF/view?usp=sharing,"Dos grupos se colocan en filas horizontales enfrentadas entre sí. Cada jugador va realizando los ejercicios de calentamiento que se va indicando hasta que se da la señal. En ese momento, tienen que realizar en mímica el elemento que hayan acordado en su grupo (piedra, papel o tijera).
A partir de ahí, si una fila gana a la de enfrente, tiene que escapar asta una línea determinada y los rivales tienen que perseguirlos e intentar atraparlos antes de que alcancen esa línea."
Lúdicas,Psicológica,1x1,Cara o cruz,https://drive.google.com/file/d/1JKKm8uSGETi25WwKrHYHSgMu9W5vUyLT/view?usp=sharing,,https://drive.google.com/file/d/1Rsnprp1UNdoxkeNR1VyjPq4WBFw1M88J/view?usp=sharing,"Dos grupos se colocan en filas horizontales enfrentadas entre sí. Cada jugador va realizando los ejercicios de calentamiento que se va indicando hasta que se da la señal. 
En ese momento, el grupo nombrado, escapa hasta su línea de fondo y el otro grupo sale en intenta pillar a los que escapan."
Lúdicas,Psicológica,1x1,Respuesta a los movimientos de los balones,https://drive.google.com/file/d/1nPjGa3sdoX4sx5TCCCKy5icHLx8HnYBy/view?usp=sharing,,https://drive.google.com/file/d/1md44vPK1A6B91Clermt-y-BBQ7FEQcoL/view?usp=sharing,"""""""Dos grupos se colocan en filas horizontales enfrentadas entre sí. Cada jugador va realizando los ejercicios de calentamiento que se va indicando hasta que se da la señal. 

Señales:

- Balón arriba --> salto

- Balón botado --> agacharse

- Balón a la otra mano --> cambio de fila

- Balones chocados --> abrazo / salto y choque

- Rojo / Azul --> carrera para escapar"""
Lúdicas,Psicológica,1x1,Colita del zorro en filas,https://drive.google.com/file/d/1nik7QPL2iO_ZiYa0sJIRoQl3BcuXMGio/view?usp=sharing,,https://drive.google.com/file/d/1jdl3V8se6nsRCaIQt84AcMBA2X6O4Tuc/view?usp=sharing,"Dos filas se colocan enfrentadas y cada miembro tiene un peto colocado en la parte trasera de la pantaloneta. Las dos filas inician mirando al mismo sitio. Si el entrenador dice: 1, los jugadores hacen un giro de 180 grados. Si el entrenador dice: 2, el que está viendo la espalda al otro tiene que perseguirlo e intentar quitarle el peto antes de que cruce su linea de ""casa""."
Lúdicas,Psicológica,X,Que no entren los ratones,https://drive.google.com/file/d/11sJBgD3PMc95H2E0UObe8uwA8C67qrOJ/view?usp=sharing,,https://drive.google.com/file/d/1Ypb6cLha53PwlsEXCTeH_i15-94l9dQF/view?usp=sharing,"Un grupo se coloca en círculo y sus integrantes se agarran de las manos. Tendrán a su disposición un balón que irán pasándose intentando que no sea tocado por una persona que se coloca fuera del círculo y trata de meter la pierna para alcanzar el balón.
Para evitarlo, los miembros del grupo también pueden ir girando a la vez que se mueve la persona de fuera."
Lúdicas,Psicológica,XxX,Partido a 4 balones,https://drive.google.com/file/d/1vP4mb4xQmxp9hoYLwX3ywzgC0LDp2X-H/view?usp=sharing,,https://drive.google.com/file/d/174KgZoSQbRCSJ3T2hrSmeF03B1D51OH9/view?usp=sharing,"Partido a 4 balones. El partido se juega con un balón en el suelo, dos en las manos de un jugador de cada equipo y un cuarto balón portado por el entrenador.
Se inicia con el balón del suelo y las personas que tienen el balón en la mano no pueden intervenir en el juego a menos que pasen el balón a otro compañero (si el equipo que ataca lanza el balón contra el suelo, pierde la posesión). 
*Si el poseedor del balón del suelo lo coge con la mano, el balón que estaba en la mano pasa a ser el activo. 
*Si el entrenador lanza su balón, este sustituye al que estaba activo en el suelo."
Estructuras de pases,Psicológica,5,Los rectángulos en espejo,https://drive.google.com/file/d/1V-_eGW23OsTcbj4XanKIrDwg588TCxmD/view?usp=sharing,,https://drive.google.com/file/d/11Ol6E2-bwLo3kMp60gZYRXfgtmZjlx3Y/view?usp=sharing,"Un equipo inicia una rueda de conducción/pase dentro de su rectángulo, con los jugadores ocupando la esquina a la que van. El resto de grupos tiene que imitar los movimientos intentando no perderse."
Lúdicas,Psicológica,X,Que no caigan los dos balones,https://drive.google.com/file/d/1KeF_QwmjrK_ByS59Bme40JxvbBQ_FQxO/view?usp=sharing,,https://drive.google.com/file/d/1Ab13b7XZcmdUF-A_UEhOoUVYuqaouDeJ/view?usp=sharing,Tarea de calentamiento y cooperación en la que un grupo de 5 jugadores tiene que mantener en el aire dos balones.
Lúdicas,Psicológica,XxX,Pilla-Pilla al que no tiene balón,https://drive.google.com/file/d/1yn9Pd5aXnOgDVeudw_2l5WxwkGp1dl3I/view?usp=sharing,,https://drive.google.com/file/d/14la6Lhl30OXWONAg4XsNnGPsv0mNyOKo/view?usp=sharing,Los pilladores tienen que perseguir a los escapadores que podrán intentar correr más para librarse del que se la queda o hacerse con un balón. *Posibilidad de añadir también casas.
Lúdicas,Psicológica,XxX,Los círculos concéntricos,https://drive.google.com/file/d/1DcJ9Bo-Hn71WqNsuLuutXCK8j7_58-Ti/view?usp=sharing,,https://drive.google.com/file/d/1EDe6-0UJBuZ5XebVdB70GDq2JIlaQ5so/view?usp=sharing,"El equipo se divide en dos grupos y de cada grupo un miembro tiene una pareja en el otro grupo. Cada grupo tiene que dar vueltas alrededor de dos círculos concéntricos conduciendo un balón (en sentidos contrarios o iguales).
A la señal los jugadores del círculo de dentro tendrán que parar y abrir las piernas para que sus compañeros entren por debajo de sus piernas, cojan uno de los conos que hay en el centro del círculo (hay uno menos que parejas) y salgan a dar un abrazo a su compañero.
Tras cada repetición se cambian los roles."
Situación de partido,Repliegue total,XxX,Circulación vs presión progresiva,https://drive.google.com/file/d/1W2ZqO-pMY3x00itNFuxp10gCtX1V_khT/view?usp=sharing,,https://drive.google.com/file/d/1Ci6F_2mRtm3rt7VwHOsIP1ROkl-fk2Yj/view?usp=sharing,"Circulación de balón del equipo ofensivo mientras se trabajan conceptos de la línea defensiva.
En primera instancia no se puede robar, después se puede interceptar pases y finalmente se realiza en juego real. (En las dos últimas, tras robo se intenta conectar con el equipo que está realizando trabajo de CORE.
Al finalizar cada ataque se lanza un balón al equipo ofensivo para que realice una transición."
Situación de partido,Repliegue intermedio,XxX,Circulación vs movimientos defensivos,https://drive.google.com/file/d/1CEwTLqWZCuAL9nKkU49iveqIfrzDAhey/view?usp=sharing,,https://drive.google.com/file/d/14YVzhw1_y7SnHS_tPwPnprVEcllG7weF/view?usp=sharing,Un equipo hace circular el balón mientras el otro va realizando los ajustes necesarios para tapar el progreso de sus rivales. Se incide en las variaciones defensivas ante las transformaciones de línea de los oponentes.
Situación de partido,Progresar / Evitar Progresar,5x4,Circulaciones vs movimientos defensivos,https://drive.google.com/file/d/1mTl8qzIiv8N7WffitkR4izDvhJGP-fQ0/view?usp=sharing,,https://drive.google.com/file/d/1dGVu4i6XJ7_AdCQyj_HrZwv0jT4B4Dsa/view?usp=sharing,Trabajo de líneas. Un equipo circula el balón de un lado a otro y el equipo contrario se va moviendo en función de adonde va el balón y el rival. Se trabaja tanto la línea de centro del campo y delantera como la línea de defensas.
Situación de partido,Repliegue intermedio,5,Comportamientos de línea defensiva,https://drive.google.com/file/d/1sbsNJ1_0XipyKpPcNb3KieFKbL-YQuWu/view?usp=sharing,,https://drive.google.com/file/d/1gPdrqrQxV-s184btKgv0OflORRehYjr4/view?usp=sharing,"Comenzamos trabajando las basculaciones y los perfiles defensivos dependiendo de que técnico tiene el balón.  Se defiende un juego directo. A raíz de ahí, otro técnico envía un pase atrás para sacar la linea y volver a defender una conducción y amenaza de pase al espacio. Por último, se defiende un centro lateral."
Partido,Partido aplicado,XxX,Partido aplicado de la semana,https://drive.google.com/file/d/13WTg3U7qXq4Kqn3-laGteHuaj4OxKRK6/view?usp=sharing,,https://drive.google.com/file/d/1RrKlWP0N_HzLJGOwLteaKLF_hcPmIuyb/view?usp=sharing,Partido aplicado al modelo de juego y a lo visto durante la semana.
Partido condicionado,Progresión juego exterior Z 2-3,XxX,Partido contra equipo estrecho,https://drive.google.com/file/d/1Ly9lftMpsAXTTnVh6p70E79byCT_o9dP/view?usp=sharing,,https://drive.google.com/file/d/1PYXpipx5oPa5iH3N12HkjUXxdRK0sk7-/view?usp=sharing,Partido en el que el equipo defensivo solo ocupa los carriles laterales cuando el balón ya haya entrado ahí.
Partido condicionado,Progresión juego exterior Z 2-3,XxX,Partido con ventaja numérica en carril exterior,https://drive.google.com/file/d/1SqC6Bq4EYc0DooxWUCtEEKkAf7sc8543/view?usp=sharing,,https://drive.google.com/file/d/1iHWCArJ97WGIc1HDJWbHLQGJRrWQAnfg/view?usp=sharing,"Partido en el cual se introduce un comodín ofensivo en cada carril.

"
Juego de progresión,Priorizar recuperar tras pérdida Z 3-4,XxX,Juego de ubicación F7 vs F11,https://drive.google.com/file/d/1mEaIC2caD3yezbigxooYO0QvIf9OzbQk/view?usp=sharing,,https://drive.google.com/file/d/1rUSAjMsnBCPHo-oyf-XOtlYZyMku1h1Q/view?usp=sharing,Juego de progresión en el que se enfrentan un equipo que ataca la portería de fútbol 11 contra otro equipo que trata de robar y transitar hacia la portería de fútbol 7 para hacer gol.
Partido condicionado,Conquista espalda Z 3,XxX,Partido aplicado - atraer dentro para exprimir carriles y fondos,https://drive.google.com/file/d/1kz2lVuCikjUm6Dyo0TRkvsrOPOosMkEN/view?usp=sharing,,https://drive.google.com/file/d/1rZYG4mmyym-VyjXAgILAqbRdlIgTcEaq/view?usp=sharing,"Partido aplicado en el que cada vez que salga el balón del campo se inicia en el rectángulo central. El objetivo es atraer a los rivales en las zonas centrales para poder conseguir atacar la espalda de la línea defensiva y encarar la portería rival. 
Para ello se pueden utilizar la base y los lados del rectángulo como zonas a las que desmarcarse para recibir (el rival solo podrá entrar cuando el balón salga del rectángulo)."
Partido condicionado,Conquista espalda Z 3,XxX,Partido con zona de conquista y portería grande,https://drive.google.com/file/d/1PxLY7novUO7U6b2KQtD_5fzN4gTO3jM5/view?usp=sharing,,https://drive.google.com/file/d/1cX07DEeWB91hlJ3q0YjMqoZSsjIwmhrg/view?usp=sharing,"Partido en el que cada vez que se supera la línea de 3/4 del equipo defensivo, el equipo ofensivo consigue un punto, si después de eso se consigue estar en posesión del balón durante 10"" se anotan otros dos puntos y en el que hacer gol vale 5 puntos."
Partido condicionado,Repliegue intermedio,XxX,Partido de roles (press 3-4 vs press 2-3),https://drive.google.com/file/d/14KtXHSMU9WyU057D-fAbGMsR3mnpxCi5/view?usp=sharing,,https://drive.google.com/file/d/1v1wBgS0uFerpWZ3mMwrryuyN87e3bEtp/view?usp=sharing,Partido en el que un equipo asume el rol de presionar en bloque alto y el otro hace un repliegue intermedio en zona 2-3.
Partido condicionado,Defensa de área estando,XxX,Partido con inferioridad numérica por expulsión,https://drive.google.com/file/d/1fwgzQcsos5caBQmFMZboawcUkdB4T0kv/view?usp=sharing,,https://drive.google.com/file/d/1BXRAwdUIxqoBYdRvGamXU0zPLybWjvfZ/view?usp=sharing,Partido en el que un equipo tiene una inferioridad numérica y va por delante en el marcador.
Partido condicionado,Reinicio y Construcción Z 1-2,XxX,Partido con objetivos por zonas,https://drive.google.com/file/d/1B4459IvGozYC8LlYao7uTt8WO5VuZcll/view?usp=sharing,,https://drive.google.com/file/d/1Vm6TSGNjEPNNXG23jBMicfHTETbHrtZE/view?usp=sharing,"Partido dividido en 4 zonas en el cual, habrá puntuación triple para el gol que se consiga tras haber contactado en las dos primeras y a partir de ahí se progrese en el juego.
El equipo que no tiene la posesión del balón, iniciará cada jugada con superioridad en su medio campo y a partir del reinicio, podrá colocarse como quiera."
Partido condicionado,Repliegue intermedio,XxX,Partido con press en 2-3 + transición,https://drive.google.com/file/d/1YZqzig2mMkEyL0-X0hxHxkz_LOdEdFk8/view?usp=sharing,,https://drive.google.com/file/d/1TbexwC2d63xdfv9FQsSAg1WzjSD-vSOv/view?usp=sharing,Partido aplicado en el que el equipo que defiende inicia la presión en un bloque medio e intenta robar ahí para salir en transición.
Partido condicionado,Presión alta,XxX,Partido de roles (juego directo y presión a pares vs juego combinativo),https://drive.google.com/file/d/1kvaa9Hk-fcA_vWoEwm_xlekxafjZzU57/view?usp=sharing,,https://drive.google.com/file/d/1UOLJVVtdNUFFaHa0L0OuUUBn0Nlkeqdw/view?usp=sharing,Partido aplicado en el que un equipo con una idea de juego combinativa se enfrenta a un rival que juega directo y que presiona a pares.
Situación de partido,Priorizar recuperar tras pérdida Z 3-4,XxX,Ataque contra una defensa que puntúa por salir de zona de robo y por progresar,https://drive.google.com/file/d/19meZ7b5slYA2_3FMh8h2nihbKheF3b19/view?usp=sharing,,https://drive.google.com/file/d/1f8AqF7DVVzsuXLnJXyqCPfnmM01__kWJ/view?usp=sharing,"Situación de ataque-defensa con el campo marcado en zonas y carriles en el cual un equipo ataca en campo contrario contra la portería central (gol = 5 ptos) y un equipo intenta robar, sacar el balón de la zona de robo (1 pto) y salir en transición hacia las porterías pequeñas situadas en el centro del campo (3 ptos).
El equipo que inicia el ataque puntúa también si consigue recuperar tras pérdida en la zona y carril en el que ha perdido la pelota."
Juego de progresión,Conquista espalda Z 3,XxX,Ataque contra una defensa que cubre dos porterías,https://drive.google.com/file/d/1-lOFdt4Z5XwcHij4olRhRjiLyzNgONSl/view?usp=sharing,,https://drive.google.com/file/d/13HPqNc9t0hUoPlMvcbrzt1Ytkln3Db3U/view?usp=sharing,"Juego de progresión en el que un equipo ataca una portería situada en tres cuartos de campo y la portería original. Se enfatiza en la paciencia en la circulación para encontrar la mejor opción, ya sea filtrar pases para atacar la portería atrasada o definir en la adelantada. El equipo que defiende ambas porterías busca robar y salir en transición ofensiva."
Partido condicionado,Progresión juego interior Z 2-3,XxX,Partido con gol múltiple tras paso previo por porterías en zona de creación,https://drive.google.com/file/d/1PPNntdOC88yUNwKt2niDhq4f-3oq7Tcj/view?usp=sharing,,https://drive.google.com/file/d/1h-xYRYaXZdjpuzAvecbV_8qBEYwnfcZM/view?usp=sharing,Partido en el que el equipo que esté en posesión del balón puntuará triple o doble si en la generación de la jugada consigue pasar por una de las porterías interiores o exteriores respectivamente (todas ellas ubicadas en la zona de 2-3).
Situación de partido,Presión alta,XxX,Partido presión alta vs mantenimiento,https://drive.google.com/file/d/1a9fnW-Pma7xTYpe1a8h7ZQTci-XM9OBF/view?usp=sharing,,https://drive.google.com/file/d/1WqIyYyh4T7I8prBxz4YMU-xoFy38jiZb/view?usp=sharing,"Partido en el cual un equipo tiene que mantener la posesión del balón en las zonas 1 y 2 y el otro tiene que hacer una presión intensiva en bloque alto para robar y finalizar en portería grande.
Se cuentan los goles anotados y se cambian los roles en la segunda serie."
Partido condicionado,Partido aplicado,XxX,Partido que inicia con juego directo,https://drive.google.com/file/d/1i9EMAyNEMaeeKN_Xxb21habjj3JNA9Of/view?usp=sharing,,https://drive.google.com/file/d/1LQgnfrXuYF8qksNLzDDUNQ7QJ23tXcFB/view?usp=sharing,Partido en el cual todas las interrupciones se reinician con una acción de juego directo.
Situación de partido,Ataque de área llegando,XxX,Dos ataques simultáneos tras disputa aérea y segunda jugada,https://drive.google.com/file/d/1JAOTnmcDxHa6z8pqcUoAs6QryNr4-Y2m/view?usp=sharing,,https://drive.google.com/file/d/1HNJZ8pYlPbDDBSUodOCW_CJb39U9mYE3/view?usp=sharing,"En un campo dividido en dos, se juega una situación de ataque-defensa doble que parte de un saque en largo de un portero y en el que el equipo que coja la segunda jugada de ese balón, ataca en 7vs5 y su posible gol vale tres puntos. El equipo que no se lleva la caída recibe un segundo balón para que lancen otro ataque 5vs3. Su posible gol valdría un punto.
Los ataques finalizan por remate o por envío del balón fuera o al campo contrario."
Partido condicionado,Presión alta,XxX,Partido con jugadores emparejados,https://drive.google.com/file/d/129g_R9m3Fy2izJQbLRgEhx5IlErYAbL7/view?usp=sharing,,https://drive.google.com/file/d/1waKkRcZglP1_eD2tS9_Ml7rcRtQvPbqB/view?usp=sharing,"Partido condicionado en el que el equipo que inicia defendiendo realiza una presión en bloque alto con emparejamientos hombre a hombre de inicio.
* Se pueden interceptar pases de otros rivales pero no se puede intentar robar la pelota a otro rival que no es el par."
Partido condicionado,Defensa de área llegando,XxX,Partido en inferioridad defensiva,https://drive.google.com/file/d/1knKUbou4scWXUw-n71OfeLrjFdfEj5sF/view?usp=sharing,,https://drive.google.com/file/d/1Za7XhYaSg4rFl2L5oL3GkYKG9AbcLdkn/view?usp=sharing,"Partido a medio campo en el que se ensaya una hipotética inferioridad numérica.
En defensa se prioriza el orientar los ataques del rival hacia los carriles exteriores.
En ataque se trabaja la paciencia y la búsqueda de superioridades numéricas constantes."
Partido condicionado,Defensa de área estando,5x5*,Doble área con gol doble por centro lateral,https://drive.google.com/file/d/1O2lD02bYuz8vztcTuXWeHFVgchYYfGsP/view?usp=sharing,,https://drive.google.com/file/d/1VBJImdjhmHUb0c8LDvZw2ofVJUG5V_-q/view?usp=sharing,"Partido de doble de área en el cual si la pelota sale fuera en campo contrario, tiene que haber un centro y a ese centro se incorpora el jugador de banda contraria. Si el gol se consigue de centro y remate, vale doble."
Partido condicionado,Defensa de área estando,XxX,Doble área con puntuación triple por gol de centro y remate,https://drive.google.com/file/d/13RxnIMPO_HqXkaHC_IrFo_TaTO412y7e/view?usp=sharing,,https://drive.google.com/file/d/1ALAoLeDkIaDOoDfzl6mLPq_nixOA09Yu/view?usp=sharing,"Doble área con comodines exteriores.
El gol que venga de centro lateral valdrá 3 puntos y el que venga en juego interior valdrá uno.
El equipo defensor puede salir a presionar al carril exterior cuando el balón llega ahí. 
Un jugador del carril exterior opuesto se incorpora al remate."
Situación de partido,Priorizar finalizar tras robo Z 4,6x6*,Doble área mantenimiento vs transición,https://drive.google.com/file/d/1crbdKjl4tu8vYzaAq9zNwWbKOvhNcZsD/view?usp=sharing,,https://drive.google.com/file/d/10fyREWSPEJow8kGjp6B_USlWtgOOFrh4/view?usp=sharing,"Doble área con roles distintos para cada equipo.
Uno de ellos inicia siempre con posesión y tiene la superioridad fuera y con ella tratará de mantener la pelota.
El otro equipo, tendrá el objetivo de robar el balón y transitar hacia la portería más cercana (no pudiendo volver a la zona anterior).
*Los porteros actúan de comodines durante las fases de posesión del equipo que inicia con posesión."
Partido condicionado,Defensa de área estando,XxX,Partido en doble área con superioridad en carriles exteriores,https://drive.google.com/file/d/1lwsbCDGSAMiMKzrm3gSAXC34lJ1pAWHA/view?usp=sharing,,https://drive.google.com/file/d/190qSMppx-43-h-l8OLWchhepxxJFP02R/view?usp=sharing,Partido de doble área con 2vs1 en carriles laterales y énfasis en las ayudas de mediocentros y marcas para los centros laterales.
Partido condicionado,Defensa de área estando,XxX,Doble área con 2vs1 en banda,https://drive.google.com/file/d/15_5cz-prA0Soca-xuZSGczqxeMVPykhG/view?usp=sharing,,https://drive.google.com/file/d/1Go9v2ygmaP7kRZPxhAq2QOTEpBNvUvJJ/view?usp=sharing,Partido de doble área con 2vs1 en carriles laterales y gol doble tras centro y remate/rechace.
Partido condicionado,Finalizar / Evitar Finalizar,4x4*,Doble área con comodín en zona central y comodines exteriores,https://drive.google.com/file/d/1sp7d5T5ZheRofwdLVCKVq8mEjd7sOpjb/view?usp=sharing,,https://drive.google.com/file/d/1zI3oLKvUr7Ws_BKjVa20P4GUFd42V8ex/view?usp=sharing,"Doble área 4vs4 + 1CI + 6CE con marca individual.
Dentro se juega a toque libre y solo se le puede robar la pelota a la marca asignada. También se puede interceptar pases. Los comodines juegan a un toque.
El equipo que mete gol sigue y el que lo recibe sale fuera."
Partido condicionado,Finalizar / Evitar Finalizar,5x5*,Doble área 5vs5 + 8,https://drive.google.com/file/d/1ZLveYh9TO5PvGTWDbB2X03IM867sHxag/view?usp=sharing,,https://drive.google.com/file/d/15B2x3GYCHurEr4AE8Y3bhFpmbL7LL37w/view?usp=sharing,"Doble área 5vs5 con 8 apoyos exteriores. Todos juegan a un toque salvo que quieran finalizar, que entonces tienen toques libres.
El equipo que recibe gol, sale fuera. Si no lo hay, sale el que más tiempo lleve dentro."
Partido condicionado,Finalizar / Evitar Finalizar,5x5*,Doble área con cambio de posiciones,https://drive.google.com/file/d/1wRwIoZeJ92P0evps5Ikk6omfK-TL9tGU/view?usp=sharing,,https://drive.google.com/file/d/1BN28zsD7eZe4eg51O28NPCorIyKT63uB/view?usp=sharing,"Doble área con apoyos por fuera en los laterales y fondos del campo contrario. Cuando un jugador contacta con uno de ellos, intercambia su posición con él. Cuando se produce un gol (entran todos los que están fuera y salen todos los que están dentro). "
Partido condicionado,Finalizar / Evitar Finalizar,6x6*,Doble área con superioridad por dentro,https://drive.google.com/file/d/1JIbUvqC2scUsTnh7ICkHqGz6qOb43tuf/view?usp=sharing,,https://drive.google.com/file/d/15VOkFbBahxtRuOJGKffE5eJ1jKqiMrGq/view?usp=sharing,Partido en doble área en el que la superioridad se encuentra dentro y en el que los pasillos exteriores se ocupan con movimientos de los jugadores interiores hacia fuera.
Partido condicionado,Finalizar / Evitar Finalizar,5x5*,Doble área con incorporación de los exteriores,https://drive.google.com/file/d/1g-1MXVta8Oqkg43aTCh5InJeLbL7UvgL/view?usp=sharing,,https://drive.google.com/file/d/1WWRquUvMzqOayIo4c4tATTwHd2Vf1FA9/view?usp=sharing,"Partido en distancia de doble área en el que tras robo, se tiene la opción de jugar con un comodín de fuera para que este se incorpore a la jugada y cree la superioridad por dentro.
En cualquier otro momento se puede jugar con los comodines exteriores para que devuelvan la pelota."
Situación de partido,Defensa de área estando,6x6*,Mundialito por equipos,https://drive.google.com/file/d/1F0wRIL3N6rq18T36BN-lOs4IulP5q5Gj/view?usp=sharing,,https://drive.google.com/file/d/1x_jPF6C1077oOCBqpTkhE7XkZubstX2x/view?usp=sharing,"Partido 6vs6 + 6 apoyos exteriores y uno interior. El equipo que tiene el balón tiene que conectar con un jugador exterior para posteriormente finalizar en la única portería disponible. Si se produce un robo, hay que hacer una redistribución de los espacios, del equipo que pasa a tener la posesión y el que intenta defender."
Situación de partido,Finalizar / Evitar Finalizar,3x3*,Mundialito por tríos,https://drive.google.com/file/d/154S1TwlGEzeGNnjhpveyIljk6Qqn8OKV/view?usp=sharing,,https://drive.google.com/file/d/1JxDPYufG0uPEWRW-gMGUkYBq25OwnEXp/view?usp=sharing,"Mundialito por tríos en los que el equipo que se clasifica en primera instancia pasa a ser apoyo por fuera y cuando un equipo es eliminado, pasa a ser sustituído por él.
*Si se recoge el rechace de un tiro de otro equipo, hay que dar al menos un pase antes de finalizar."
Situación de partido,Finalizar / Evitar Finalizar,2x2*,Partido 2vs2 +2 a una portería,https://drive.google.com/file/d/1VoH01afdHzb0CbEMedS0WIBzkvJAQQQ0/view?usp=sharing,,https://drive.google.com/file/d/1B4rSByp4S5slK7DQL5ig4NUlweSSupSE/view?usp=sharing,"Partidos a una portería de 2vs2 + 2 comodines. Tras cada gol el jugador que marcaba al que lo ha anotado, sale fuera y se intercambia con un comodín."
Juego de conservación,Psicológica,XxX,Juego de ubicación con tres porterías,https://drive.google.com/file/d/1pHRU9AkPcW5Zzr7L1zzaWB5G2S6Jb0JC/view?usp=sharing,,https://drive.google.com/file/d/16ur9ynyWIjSOenrp55TY2nPLuRxBfoXC/view?usp=sharing,"Juego de ubicación con tres porterías en el que un equipo inicia con la posesión del balón y tiene el apoyo de los tres porteros para intentar conservarlo. El equipo contrario tiene que intentar robar el balón y finalizar en cualquiera de las tres porterías.
Cuando se produce un gol, esa portería se anula y el portero pasa a ser un comodín interior. Al anotar en las tres porterías, se cambian los roles."
Situación de partido,Priorizar finalizar tras robo Z 4,6x6*,Posesión vs Finalización dentro del área,https://drive.google.com/file/d/1BTRDBGPncxligU4j_I7-845k9O4sMWtE/view?usp=sharing,,https://drive.google.com/file/d/1BwAPwIEuWkUOZQ8KyHZQ0xlsFh1GchfI/view?usp=sharing,Posesión dentro del área de F11 en la que el equipo que no tiene la posesión tiene que robar e intentar anotar en cualquiera de las dos porterías colocadas en los fondos. Los porteros son apoyos del equipo que inicia con la posesión.
Juego de progresión,Finalizar / Evitar Finalizar,4x4*,4vs4 con pasillos exteriores,https://drive.google.com/file/d/1PhsYjxO8bTReaqrqaPxcoz24sZeounL5/view?usp=sharing,,https://drive.google.com/file/d/1FIZGt_rYHN2Y3KcKvT2cs1T8KyQt1aMM/view?usp=sharing,Partido 4vs4 + 2P en el cual el equipo que tiene el balón puede usar los carriles exteriores para atacar (en defensa solo se pueden usar cuando la pelota entra en ellos).
Juego de conservación,Finalizar / Evitar Finalizar,4x4*,4vs4 + 2 para robar y finalizar,https://drive.google.com/file/d/1HXGIPrvwz5zmgcQ_Hca168JChIy9XWez/view?usp=sharing,,https://drive.google.com/file/d/1WneycwkjfmE7TMs9zkLekalkBAybcXdW/view?usp=sharing,"Un equipo mantiene la posesión con la ayuda de los porteros y finaliza con un pase que atraviese alguna de las miniporterías y que sea recibido por un compañero.
El equipo que defiende tiene que robar la pelota y finalizar en cualquiera de las porterías grandes. 
Tras un gol se cambia de roles de cualquiera de los dos equipos, se cambian los roles."
Partido condicionado,Finalizar / Evitar Finalizar,4x4*,Doble área libre con apoyos por fuera,https://drive.google.com/file/d/19PhWmnR1aD7vEhdhH66Y2frFwaUTJprg/view?usp=sharing,,https://drive.google.com/file/d/13cl3BoAQIz7eGGBiHefa8GMr05QuDZIy/view?usp=sharing,Partido a doble área con 4 apoyos exteriores que se desplazan por laterales y fondos para dar superioridad al equipo poseedor del balón en las distintas zonas del juego.
Situación de partido,Repliegue intermedio,XxX,Posesión vs equipo que espera en zona 2-3,https://drive.google.com/file/d/1cBH7bpBXbBwvJVFZzhm-d-WejOqQ9VuV/view?usp=sharing,,https://drive.google.com/file/d/1nqT-oREgYqhzpQ903-a2oYPxbvDYBWJq/view?usp=sharing,"Posesión de balón de un equipo que intenta atravesar la línea de fondo del rival frente a un rival que espera en zona 2-3 e intenta llevar a los rivales a las zonas deseadas de robo para ahí intensificar la presión.
El equipo que inica con rol defensivo tiene que intentar hacerse con la pelota y salir de la zona en la que ha robado."
Situación de partido,Repliegue intermedio,XxX,Repliegue medio vs intento de progresión,https://drive.google.com/file/d/1GiLZIloInQC-GB_d6S4O2VTNDxPPly0r/view?usp=sharing,,https://drive.google.com/file/d/1I7BZBAKGRipEgpvowzVh50qru4lw2GSq/view?usp=sharing,"Juego de progresión en el que un equipo inicia una posesión en zona 2 con la intención de progresar hasta la zona 3 y ahí anotar en miniporterías o recibir un pase a la espalda. 
Ante ellos, se opone un equipo que espera en bloque medio con la intención de robar y salir en transición ofensiva."
Situación de partido,Priorizar defender espacio tras pérdida Z 2,XxX,Posesión en carril central,https://drive.google.com/file/d/1hTgcrMioyQsBHFAdkFnO_0o853A-AMZd/view?usp=sharing,,https://drive.google.com/file/d/1JTyzN6CT4kY57lIatMYYfpfJjmkECnfr/view?usp=sharing,"Posesión en el carril central con apoyos por fuera. El equipo que no tiene la posesión del balón puntúa si consigue encontrar la espalda del equipo rival tras robarle el balón. Para ello tiene 7¨. 
Si en ese lapso de tiempo el equipo que ha robado no consigue superar, mantiene la posesión todo el tiempo que pueda."
Juego de conservación,Mantener / Evitar Mantener,3x3*,Posesión con cambio de espacios y transiciones,https://drive.google.com/file/d/13rYm6NBtYLfEIlKLgSL4cDk7Hi9zHCya/view?usp=sharing,,https://drive.google.com/file/d/1Qrpc6392yLWja8UmdjTf_tED8zG5E2xm/view?usp=sharing,"Tres equipos de 3 jugadores juegan sendas posiciones en  un espacio reducido hasta que se produce una señal, tras la cual tienen que realizar una carrera hacia el rectángulo grande en el cual realizarán un 9vs9.

En todas las posesiones hay un comodín (portero o jugador de campo).

En el momento de las transiciones, se lanza un balón para los que van a los rectángulos donde hay portero tengan que disputarlo y puedan finalizar.

Del mismo modo, los comodines realizarán un centro remate cuando se vaya a producir la transición y después se incorporarán al rectángulo que les corresponda."
Juego de progresión,Progresión juego interior Z 2-3,6x6*,Posesión con zonas de progresión,https://drive.google.com/file/d/11gAzDUfYCiD_YXz4K-8IQfaVgzsy4E_5/view?usp=sharing,,https://drive.google.com/file/d/11bYLvw-Pt3J-UaRJugK4BNw2WUC3RK24/view?usp=sharing,"Posesión de 3 equipos en la que uno de ellos inicia con la posesión de balón, otro intentando robarlo y un tercero esperando a que contacte con ellos cualquiera de los dos equipos anteriores.
El equipo que defiende se divide en dos grupos. Uno que va a presionar a los poseedores de balón y otro que intenta tapar las líneas de pase de los intentos de progresión.
El equipo que inicia la posesión puede contactar con el tercer equipo mediante un pase a un jugador que se desmarque a las zonas indicadas o mediante un pase filtrado entre los rivales. "
Situación de partido,Conquista espalda Z 3,XxX,Posesión para conquistar fondos,https://drive.google.com/file/d/1M7tAzowqobhk9LFrrXCMLD5Qv8nylDV6/view?usp=sharing,,https://drive.google.com/file/d/1QerGMn5jYl5ZRcYQlDYGXZjFmAGRKJzF/view?usp=sharing,Posesión en la que el objetivo es mantener el balón hasta que aparezca la oportunidad de que un jugador reciba a espaldas de la línea defensiva rival. Para ello se pueden utilizar la base y los lados del rectángulo como zonas a las que desmarcarse y ganar tiempo y espacio para recibir (el rival solo podrá entrar cuando el balón salga del rectángulo).
Situación de partido,Conquista espalda Z 3,XxX,Posesión para conquistar fondos y a partir de ahí meter gol,https://drive.google.com/file/d/1C-krrVfW9MBsJlINPu1I5mlkZNQZD44s/view?usp=sharing,,https://drive.google.com/file/d/1f2ju5whnDi-Be67j0hr-1v1vapConwjX/view?usp=sharing,"Posesión en zona central del campo en la que el equipo que ataca tiene que intentar atravesar en conducción la línea de fondo contraria o recibir un pase tras ella (1 punto). 
La defensa no puede defender tras ella hasta que el balón no entra en esa zona. Una vez sucede esto, intentan evitar que se anote en portería rival (2 puntos)."
Situación de partido,Conquista espalda Z 3,XxX,Posesión con comodines exteriores para conquistar fondos,https://drive.google.com/file/d/12KjMOrNhPHQ3AutWdDE_MB5vOce2hqoh/view?usp=sharing,,https://drive.google.com/file/d/1Uts3cZ47aCLZtCnaf4NWg1MwOr4qRI6A/view?usp=sharing,"Posesión en un rectángulo con comodines exteriores con el objetivo de atravesar la línea de fondo rival o recibir un pase a la espalda de la defensa rival.
* También pueden recibir el pase los comodines de los lados del rectángulo si el pase atraviesa la línea de fondo del rival."
Situación de partido,Repliegue intermedio,XxX,Posesión vs robo y transición,https://drive.google.com/file/d/19_iSzNnZ1Ox53-UDSxKKL4O__PNJG2-b/view?usp=sharing,,https://drive.google.com/file/d/1QJilJlYuZsRYEUYoW5ArbCqAme71cjYg/view?usp=sharing,"Posesión en la que un equipo trata de mantener el balón mientras que el otro tiene el rol de robar y transitar para atravesar la línea de fondo del equipo rival.
El equipo que inicia la posesión, puede sacar jugadores a los lados y a la base del rectángulo.
Los jugadores defensivos no van a la base del equipo rival sino que esperan en zona 2-3 para robar y salen al carril exterior cuando se produce el pase.
*Se le puede dar también al equipo que inica la posesión, la posibilidad de ganar la espalda del equipo rival."
Juego de progresión,Progresión juego interior Z 2-3,XxX,Posesión central para filtrar pases,https://drive.google.com/file/d/1MLCQ8rtjR7KO524SROjttD7u3sOjW33V/view?usp=sharing,,https://drive.google.com/file/d/1uIMcEwI4PnY96XpwWK16r8-rTvToEQB1/view?usp=sharing,"Dos equipos realizan una posesión en la zona 2-3 y el carril central buscando encontrar el momento para filtrar pases a los jugadores que se encuentran a la espalda de la última línea rival y se introducen para evitar el fuera de juego.
*Se puede permitir a alguno de esos jugadores que vengan a combinar para facilitar el mantenimiento de la posesión."
Juego de progresión,Progresión juego interior Z 2-3,XxX,Posesión con portería (2 lados) en el centro,https://drive.google.com/file/d/1gjCKEGdlzxdY2d1REHpm5OcVbRZq5H11/view?usp=sharing,,https://drive.google.com/file/d/1M8GUlKhkho6pXIoUg4duzeYI8G6CtSrs/view?usp=sharing,Posesión con portería en el medio en la que se puede anotar en ambos sentidos y con una zona en la que no se puede entrar en defensa hasta que la pelota no entra ahí. 
Juego de progresión,Progresión juego interior Z 2-3,XxX,Posesión con portería (3 lados) en el centro,https://drive.google.com/file/d/1fh7cxzpjbufJ2J7GA8WGgfK2hGWC8Wuk/view?usp=sharing,,https://drive.google.com/file/d/1Wy68tTUKG_ZrhWzQzJvbTLrKFcHQNRWg/view?usp=sharing,"Partido con finalización en portería central por cualquiera de los tres lados. En cualquier momento, se puede finalizar o filtrar el balón a la zona interior (donde se ubicarán los comodines) para finalizar desde ahí."
Juego de progresión,Progresión juego interior Z 2-3,XxX,Posesión central para filtrar pases en 3 zonas,https://drive.google.com/file/d/1cBMYaHD32TiLSSVGnz2w-7HvAQhDDZ-B/view?usp=sharing,,https://drive.google.com/file/d/1wzCUdE5jPwjSBYZppxowwdE0zSN77BvX/view?usp=sharing,"Posesión con búsqueda de progresión 10 vs 9 y 1 con el campo dividido en 3 zonas y con los jugadores distribuídos en ellas. El objetivo del equipo que inicia la posesión es avanzar por las distintas zonas para conseguir anotar en la portería grande.
El equipo que defiende tiene que intentar robar y meter en porterías pequeñas."
Juego de progresión,Progresión juego interior Z 2-3,XxX,Posesión con 4 miniporterías en círculo central,https://drive.google.com/file/d/1ZIcBn_JkXAl9yzgliuGSe_7np7gDgnzm/view?usp=sharing,,https://drive.google.com/file/d/1B4GaRYtXyc7KuIyRUrRamrOvELsJfvtL/view?usp=sharing,Dos equipos se enfrentan en una posesión en la la zona de creación en la cual se puntúa anotando en las miniporterías que rodean el círculo central o conquistando (con pase o conducción la línea de fondo contraria).
Situación de partido,Priorizar progresar tras robo Z 2-3,6x4,Doble posesión de 6vs4 y doble transición,https://drive.google.com/file/d/1GsYGwCepz543wpkOdtVwDofxuDjPgpAs/view?usp=sharing,,https://drive.google.com/file/d/1ikFvidyoI2ZSYHstcWYRWWw-UIlrJ9qq/view?usp=sharing,"Situación de juego en la que se parte de un hipotético robo de balón y el equipo que lo ha hecho tiene superioridad de 6vs4 y tiene que intentar superar en conducción o pase la línea defensiva rival para así atacar posteriormente la portería rival. 
El equipo que antes finalice la acción recibirá un segundo balón para iniciar un segundo ataque al cual se incorporarán los miembros del otro grupo en transición defensiva y ofensiva (según corresponda).
Si durante el primer ataque se produce un robo y los defensas consiguen contactar con sus compañeros del otro campo, se inicia esa doble transición."
Juego de conservación,Mantener / Evitar Mantener,6x6*,Posesión con miniporterías repartidas,https://drive.google.com/file/d/1EeiBqH1GW_xm2rguWgiN16aae0T5DOkp/view?usp=sharing,,https://drive.google.com/file/d/1cBwhk8qcUwsTyQmpu0IXH0BrHp2jTKH0/view?usp=sharing,Posesión en la que dos equipos tienen que intentar mantener el balón y filtrar pases entre las miniporterías repartidas por el campo.
Juego de conservación,Mantener / Evitar Mantener,XxX*,Posesión simulando formaciones enfrentadas,,,,"Posesión de balón con sistemas enfrentados en los que el equipo que tiene el balón cuenta con el apoyo de los porteros en los fondos y de 1 o 2 jugadores interiores.
En el área delimitada para los porteros se puede entrar para realizar un desmarque (se abandona si no se recibe el balón) o para presionarles cuando tengan la pelota.
Se anota recibiendo en esa zona o anotando en miniportería."
Situación de partido,Conquista espalda Z 3,6x6*,Posesión para filtrar en zona 2-3,https://drive.google.com/file/d/1DbMGEla0pXKR4JMrgM4jE2JhRqCpwdY1/view?usp=sharing,,https://drive.google.com/file/d/1tCaPLgBmg6xOJuLZsRqTy4f49yUWiLJ8/view?usp=sharing,"Posesión en la que el equipo que inicia con la posesión tiene que intentar atraer al rival mediante pases para posteriormente filtrar el balón a la espalda de la línea defensiva rival con un desmarque de ruptura de un jugador. Tras ello se ataca la portería grande.
El equipo que inicia sin la posesión tiene que intentar robar y atacar la portería contraria."
Situación de partido,Repliegue intermedio,6x6*,Trabajo defensivo para evitar el progreso y la superación en zona 2-3,https://drive.google.com/file/d/1cF6ZJKQ0FbFRm5UIfTmR5IZuV4xbO81D/view?usp=sharing,,https://drive.google.com/file/d/1hm04iFKysRjmnWcyqFToeA5FpMyh5K-7/view?usp=sharing,"Un equipo inicia una posesión con el objetivo de atravesar la línea de fondo de los defensores y a partir de ahí atacar la portería grande.
El equipo que empieza defendiendo tiene que intentar robar el balón y salir en contrataque contra la portería grande."
Situación de partido,Progresión juego interior Z 2-3,6x6*,Ataque vs presión que defiende el progreso por miniporterías,https://drive.google.com/file/d/1KFHZRSPds2VeuqsRcOgdQtQ2JLksxSr5/view?usp=sharing,,https://drive.google.com/file/d/10Je-wnLOKAhgmlQ8hjx7MnsRzkErZjk7/view?usp=sharing,"Un equipo intenta progresar por las miniporterías con un ataque combinativo mientras que los jugadores del equipo contrario intentan robar y salir en transición ofensiva.
Para que los atacantes anoten, un jugador tendrá que recibir un pase por detrás de una de las miniporterías."
Juego de progresión,Progresar / Evitar Progresar,6x6*,6vs6 +2 para evitar el progreso,https://drive.google.com/file/d/1fR--9HHp8Sa_g1NiA-QOqjiJm5D6sCqh/view?usp=sharing,,https://drive.google.com/file/d/12302L1YWW3bdRTnLIcv6XCg7nH8lX8SX/view?usp=sharing,"Un equipo intenta progresar en conducción o pase por las porterías (tras lo cual tiene que intentar seguir con la posesión) mientras que el otro equipo hace trabajo defensivo para evitarlo.
El equipo que tiene el balón tiene la ayuda de dos comodines que tratarán de estar en la parte más adelantada de su estructura."
Situación de partido,Progresión juego interior Z 2-3,XxX,Posesión con cuadrados en intervalo LT-CT,https://drive.google.com/file/d/1ENQh1yxfSTBSXDeZYWfSfIEv_tLGJ85F/view?usp=sharing,,https://drive.google.com/file/d/1W8LeY6eZ41ai2vpqIesgJrPI_yL1-RbZ/view?usp=sharing,"Dos equipos se enfrentan en una posesión de campo grande en la que se puntúa atravesando la línea de fondo del equipo contrario. Tras ello se puede atacar la portería rival. Si esto se consigue tras aprovechar los cuadrados que se generan en el intervalo que existe entre central, lateral, extremo y mediocentro, la jugada valdrá doble."
Situación de partido,Progresión juego interior Z 2-3,XxX,Posesión con progresión con conducción de la línea de 3,https://drive.google.com/file/d/1tojm0z_NmubybsbuY-mr8PA4Cj3Jbqsi/view?usp=sharing,,https://drive.google.com/file/d/13Rm61xFhOf38dLn3rGXF-ZJc4Lflr02r/view?usp=sharing,"Posesión en la zona de creación y prefinalización con el objetivo de atravesar la línea de fondo del equipo rival, en la que se valorará doble si previo al éxito se produce una conducción de uno de los jugadores de los lados de la línea de 3 para fijar a un miembro de la línea de medios y liberar a un compañero. Se alternará la persona que se coloca en esos lados de la línea de 3 para salir conduciendo y se incidirá en la corrección de posiciones cuando este avanza a la siguiente zona."
Situación de partido,Priorizar progresar tras robo Z 2-3,XxX,Posesión vs robo y transición ofensiva,https://drive.google.com/file/d/17eHgRErVwNtWVpk5hKGhp3WqlOhuysdF/view?usp=sharing,,https://drive.google.com/file/d/1aKAGUmMBvWnjlFWfxAzzUUocvTAO0HR7/view?usp=sharing,"Posesión dentro del rectángulo en la que el equipo poseedor puede sacar y meter jugadores fuera y dentro del rectángulo.
El jugador que recibe fuera del rectángulo puede ser presionado una vez que el balón ha salido del rectángulo.
El equipo defensor inicia la jugada con tres jugadores fuera del rectángulo. A partir de ahí, trata de robar y salir en transición hacia la portería."
Situación de partido,Conquista espalda Z 3,XxX,Posesión en zona 2/3 para conquistar la espalda de la línea defensiva rival,https://drive.google.com/file/d/1E_U-PE5AzSKvZFo_LARXjMbof0Vd0B0o/view?usp=sharing,,https://drive.google.com/file/d/1RYHAu2Uzn3mNzlcneCOwRiaUPC8WVozj/view?usp=sharing,"Dos equipos juegan una posesión en la zona de creación con el objetivo de atraer a los rivales para encontrar su espalda con un pase o con una conducción.
Para ello 3 jugadores interiores pueden apoyarse en la base con la línea de 3, en las bandas con los exteriores y en la parte alta con los dos delanteros (que serán comodines  ofensivos y atacarán con el equipo que tiene el balón)."
Situación de partido,Priorizar conservar tras robo Z 1,XxX,Posesión progresión/superación vs posesión mantenimiento,https://drive.google.com/file/d/1XqMn5wHlo9mSTocWu0txrtO5-VyZjWa4/view?usp=sharing,,https://drive.google.com/file/d/1D4SwgcUXXarUFf-ujQ0-tWK2gqvnPu2C/view?usp=sharing,Situación de juego en el que un equipo ataca en zona 3-4 y el otro defiende en un bloque bajo y trata de robar el balón y conservarlo para retardar el próximo ataque.
Situación de partido,Priorizar progresar tras robo Z 2-3,XxX,Posesión vs transición,https://drive.google.com/file/d/1agQvcmA7AnxPv8FyEsgOMvBWpVPZdWTp/view?usp=sharing,,https://drive.google.com/file/d/1BGKHKNtybdsd_uLGr0H5sNtwQlu3b3Ou/view?usp=sharing,Posesión en zona de creación y trabajo de líneas para recuperar el balón y salir al contraataque.
Juego de conservación,Mantener / Evitar Mantener,6x6*,Posesión 6vs6 +4 -2,https://drive.google.com/file/d/1TZCpYRH9JR03z2JD0esdev1hCza9R2lY/view?usp=sharing,,https://drive.google.com/file/d/1a3jkGSGbMTujVk4RxyjC1vaJaOLuGL64/view?usp=sharing,"Posesión de dos equipos con cuatro comodines ofensivos que pueden jugar por fuera o por dentro y dos comodines defensivos por dentro.
Se cuenta el número de robos conseguidos en una serie y se compite a ver qué grupo consigue más robos."
Situación de partido,Conquista espalda Z 3,XxX,Posesión en carril central con alternancia de apoyos exteriores e interiores,https://drive.google.com/file/d/1Y3F6n-_irHNoIjs6fVSosho-IZjYdSR2/view?usp=sharing,,https://drive.google.com/file/d/1XZ3wBfj8Y0IgJrp_c9Yd_nKHnGv5z4Tz/view?usp=sharing,"Posesión en carril central posibilidad de que el equipo que tiene el balón saque jugadores fuera del espacio de juego para dar apoyos en carriles exteriores y que desde ahí entren para ocupar espacios interiores.
El objetivo del equipo que tiene el balón es encontrar la espalda del equipo rival mediante un pase o una conducción. A partir de ahí, se da una finalización en portería contraria."
Situación de partido,Priorizar conservar tras robo Z 1,XxX,Conservación tras robo en campo propio,https://drive.google.com/file/d/1-dTGGfeM45cQT71YaNX-dGZzujQZPZMG/view?usp=sharing,,https://drive.google.com/file/d/1RYZ2IqHPsnI8VBMRkVTz8-vaBEaYJMLe/view?usp=sharing,Situación de juego en la que el equipo que el equipo que presiona tiene que ser capaz de recuperar el balón y mantenerlo en el tiempo (7´´) o llevar el balón al carril más alejado a donde se ha producido el robo.
Juego de progresión,Progresión juego exterior Z 2-3,XxX,Posesión con búsqueda de la superioridad en los carriles exteriores,https://drive.google.com/file/d/1yANJU8xmZ1KT2io2BxLCRNQF8IznjFHS/view?usp=sharing,,https://drive.google.com/file/d/1vmpyaq9JOY9aZJs8F1qRdJys4mA4eM1E/view?usp=sharing,"Posesión en zona 2-3 con el objetivo de superar la línea de fondo rival (mediante pase o conducción) en la cual, el valor del objetivo será doble si en la jugada se produce:
- una incorporación de un jugador interior al carril exterior para generar una tercera altura.
- un desdoblamiento.
*Se puede poner o no porterías para darle continuidad a la jugada una vez que se conquista la línea de fondo."
Juego de progresión,Progresión juego interior Z 2-3,XxX,Posesión por zonas y carriles,https://drive.google.com/file/d/1P9iyz4cQAx6veNxEc_XGr60iQzfWPxqG/view?usp=sharing,,https://drive.google.com/file/d/12kfp4kxrTviqi_OE1rtCrtFM0JxKKSV-/view?usp=sharing,"Posesión por carriles y zonas en la cual el equipo que ataca prioriza el intercambiar posiciones y sobrecargar carriles.
El objetivo del equipo que tiene la pelota es contactar con el comodín que tiene en la parte alta de su estructura o superar la línea de fondo rival con pase o conducción.
"
Situación de partido,Reinicio y Construcción Z 1-2,XxX,Circulación en zona 1 y 2 contra presión y transiciones,https://drive.google.com/file/d/1X6-su5iVbwWK9n_ZtaFoaaxVo4rz8Cu5/view?usp=sharing,,https://drive.google.com/file/d/1niU2qRCvQhnPoar4mKldJONyfip0fKm8/view?usp=sharing,"Circulación de balón en inicio o reinicio de jugada con el objetivo de contactar con el otro equipo que circula el balón.
Posteriormente, el equipo que no ha conseguido robar recibirá un balón para iniciar una transición ofensiva y los que habían circulado tendrán que defender la transición que genera el segundo balón que envía el entrenador.
Mientras tanto, los jugadores que han recibido el balón lo circulan hasta que puedan contactar con el otro lado.
*Si los defensores roban el balón son ellos los que inician la transición y el segundo balón irá para la otra línea de circulación."
Juego de progresión,Progresión juego interior Z 2-3,XxX,Posesión buscando el avance de zona por tercer hombre o conducción,https://drive.google.com/file/d/1Sb0gq7gyU7r87C0LFnbCY88vx4lByrT3/view?usp=sharing,,https://drive.google.com/file/d/1ZoVaN88StwSy3gq9u9XW0sqjNnzam5hE/view?usp=sharing,"Dos equipos se enfrentan en una posesión en la que sus jugadores están divididos en 3 zonas y en una formación 1433, y en la que, el gol valdrá doble si el equipo que tiene el balón, para pasar de una a otra, da un pase a una zona más adelantada y realiza una devolución a un hombre liberado para que él avance en conducción a la siguiente zona.
El equipo que está defendiendo puede hacer una transición ofensiva rápida tras el robo o iniciar el proceso de posesión y avance.
Al finalizar la jugada, los jugadores que habían cambiado de zona, vuelven a su posición inicial para que el otro equipo inicie el proceso desde el lugar por el que hubiera salido la pelota.
* Se puede emplear un comodín en la zona de balón para darle más fluidez al proceso ofensivo."
Juego de conservación,Mantener / Evitar Mantener,4x4*,4vs4+2 con distinta ocupación de carriles,https://drive.google.com/file/d/15lz0On4jc9is0ukNvMEz2-obhxJnTyPG/view?usp=sharing,,https://drive.google.com/file/d/1h58ytVk9FMGv7EEF5aSYAKCBh05p6BrE/view?usp=sharing,"Mantenimiento de balón en el que se hace hincapié en la ocupación y desocupación de los distintos carriles en función de las demandas de la jugada.
La idea en ataque es que el balón nos ordene y la idea defensiva es liberar el carril más alejado al balón.
*Posibilidad de limitar los toques de los comodines si la labor defensiva no tiene éxito casi nunca."
Juego de conservación,Mantener / Evitar Mantener,4x4*,4vs4 + base y fondo,https://drive.google.com/file/d/1ahB6cqmnhsATEt1su4fORAzr8SMi_LcI/view?usp=sharing,,https://drive.google.com/file/d/1PKd-pyvXppd895PH-68b9HtvfzUntiIY/view?usp=sharing,"Cuatro jugadores disputan una posesión de balón con los apoyos de un jugador en la base del rectángulo de juego  y otro en el fondo.
Para cada equipo, habrá una base y un fondo. Cuando se juega en la base, el receptor tiene todos los toques que quiera. Cuando se juega con el del fondo, solo tiene un toque.
Durante la posesión, dos jugadores del equipo que tiene el balón pueden dar apoyos en los lados del rectángulo."
Juego de conservación,Mantener / Evitar Mantener,6x6*,6vs6 + 3 en hexágono,https://drive.google.com/file/d/1QBn3R69Do-Df2HpLM-hQPXM5KjcU_sNI/view?usp=sharing,,https://drive.google.com/file/d/12yfFVsjjlspmSnMLmuKEFm837ggLU6oH/view?usp=sharing,"Dos equipos de 9 jugadores se dividen en seis jugadores que se colocan dentro de un hexágono y tres que se colocan en lados alternos del mismo.
El equipo que tiene la posesión puede ir intercambiando la posición de los jugadores exteriores e interiores según las demandas de la jugada tratando siempre de dar apoyos en todas las zonas.
*Si un jugador recibe en una posición exterior puede dar un pase en un toque o entrar conduciendo."
Juego de conservación,Mantener / Evitar Mantener,4x4*,Posesión 4vs4 +4 exteriores,https://drive.google.com/file/d/1Fmv13a42_Cn_w_IhvzYlNWZ4fyQqxX4X/view?usp=sharing,,https://drive.google.com/file/d/1PCvhrtpNsE_xZOKXHm3Qt-aT4tzdbUpZ/view?usp=sharing,"Posesión 4vs4 con 4 apoyos por fuera (no pueden jugar entre ellos). 
Una vez que la pelota sale fuera, los jugadores pueden ser presionados."
Juego de progresión,Progresar / Evitar Progresar,4x4*,Posesión con progresión por carril central,https://drive.google.com/file/d/1aUg0gkXIjYDkhR41doZ-plOHfi4q1dun/view?usp=sharing,,https://drive.google.com/file/d/1EcxdgJjtACv0e7q0gMQH4KDU_N45WUAu/view?usp=sharing,"Dos equipos pugnan por la posesión en dos cuadrados intentando llevar el balón desde la base de un cuadrado hasta el fondo del otro.
Para ello cuentan con la ayuda de 1 comodín situado en dichas base y fondo de los cuadrados y otros dos entre los 2 cuadrados."
Juego de progresión,Progresar / Evitar Progresar,4x4*,Juego de progresión 4vs4 +2,https://drive.google.com/file/d/1zT72k9xlfLlQlnG7z1ivi5CFqYiX4BdL/view?usp=sharing,,https://drive.google.com/file/d/1-Q2PLdF3AEpL9UsYVpX-QKaGM5jHYLCH/view?usp=sharing,"Juego de progresión en dos rectángulos con un espacio intermedio intentando llevar el balón desde uno de ellos hasta el fondo del otro.
Para ello cuentan con la ayuda 2 comodines que darán apoyo por dentro o fuera del rectángulo.
El equipo que no tiene la posesión tiene que intentar robarla y hacer lo mismo."
Juego de progresión,Progresar / Evitar Progresar,4x4*,Posesión con pase filtrado,https://drive.google.com/file/d/1NVXY9BJaTHeGruTSc-j8GWrSk8cME3ZG/view?usp=sharing,,https://drive.google.com/file/d/1WXQq014g1ME1yH8eEBKT65_Wv1yJqBoa/view?usp=sharing,"Posesión de tres equipos de 4 jugadores en la que dos equipos tienen el balón y se distribuyen 3 fuera de un rectángulo + uno dentro (hay dos rectángulos contiguos en los que sucede lo mismo), y con la ayuda de un comodín tienen que intentar llevar el balón de una zona a la otra sabiendo que la pelota siempre tiene que pasar por dentro de los rectángulos y que los jugadores exteriores pueden ser presionados una vez que les llega el balón.
El equipo que empieza defendiendo, tiene que intentar robar el balón y enviarlo al rectángulo contiguo para que se produzca rápido el cambio de roles y sus respectivas transiciones."
Juego de conservación,Mantener / Evitar Mantener,6x6*,Posesión con superioridad exterior e inferioridad interior,https://drive.google.com/file/d/1hI0OVSq383kOOVQOP-tdAAlU463vAsF7/view?usp=sharing,,https://drive.google.com/file/d/1V-m117p--Htqq3h7JAydGtJyoWWD9vAg/view?usp=sharing,"Posesión en la que el equipo que trata de mantener la pelota, tiene superioridad por fuera y tiene que intentar circular y filtrar el balón sin que los contrarios roben la pelota.
Si esto sucede, los que han robado tratarán de anotar en cualquiera de las 4 miniporterías y los que han perdido tienen que realizar una transición defensiva rápida para evitarlo."
Juego de progresión,Progresar / Evitar Progresar,6x4,Posesión posicional en carril central y posibles transiciones,https://drive.google.com/file/d/1Nl3Y3q6r0f0g3SNrhgKj59rUILGkU4_z/view?usp=sharing,,https://drive.google.com/file/d/1gyXUOJMTi5tZ0p4NLkpSmJwtQx76f_KJ/view?usp=sharing,"Posesión 6vs3+1 en la cual los atacantes (colocados en 4-2) tienen que contactar con los jugadores del rectángulo contiguo. Si lo consiguen, los tres integrantes que no estaban defiendo pasan a robar al otro rectángulo.
Si en algún momento el equipo defensor roba el balón tiene que intentar sacar la pelota del rectángulo y si lo consiguen atacan sin defensores contra la portería. El equipo que ha perdido realiza presión tras pérdida para evitarlo y si no lo consigue, pasa a robar al grupo que no estaba participando."
Situación de partido,Priorizar defender espacio tras pérdida Z 2,XxX,Posesión posicional en carril central y posibles transiciones,https://drive.google.com/file/d/1LvEk4HOd4PIYJYqb2UBYZMUPorBI9Pck/view?usp=sharing,,https://drive.google.com/file/d/1JRLan3VcrFRbSSSESxL3GPWjEaUf9I9F/view?usp=sharing,"Un equipo mantiene la posesión del balón y el otro trata de robar y salir en transición hacia adelante, con un intento de finalización en portería grande o hacia atrás, con un nuevo inicio de la posesión.
El equipo que ha perdido la pelota tiene que evitar que el equipo contrario avance con el balón, priorizando la defensa de su espacio y obligando al rival a jugar hacia atrás. Si, lograran recuperar el balón, volverían a iniciar la posesión."
Juego de conservación,Mantener / Evitar Mantener,XxX,Posesión 10 vs defensas que van aumentando,https://drive.google.com/file/d/1_QSLDp7E2noWQL25lZoIqXVFkllhBjG8/view?usp=sharing,,https://drive.google.com/file/d/1oLEMvPMzpKeDFSq5-W-fyyfi3nX9LNio/view?usp=sharing,"Los atacantes mantienen la posesión del balón ante dos rivales que intentan robárselo y salir en conducción o pase para atravesar la línea de fondo del equipo que ha perdido el balón, que por otro lado intentará obligarles a perderlo o al menos llevarlo a su campo. Si esto sucede, se iniciaría la posesión en el otro campo.
Cada vez que los atacantes dan seis pases, se incorpora un defensor más."
Situación de partido,Priorizar finalizar tras robo Z 4,6x6*,Posesión en forma de salida reducida,https://drive.google.com/file/d/1DRIitj8q6gQO7JKk8E2OOSK8VLN16Oxp/view?usp=sharing,,https://drive.google.com/file/d/1ysr8coODzEzIg4M9pJ154adUBm9vE1xp/view?usp=sharing,"Posesión posicional en sistema 142 (transformables en 132+1) ante la presión alta del rival en 32 con el objetivo de filtrar la pelota por dentro o atravesar la portería en conducción por fuera (sin que la roben los delanteros que presionan en el otro campo).
Si el equipo rival roba la pelota intenta finalizar en las porterías grandes."
Situación de partido,Reinicio y Construcción Z 1-2,6x6*,Posesión en zona 1,https://drive.google.com/file/d/1AVBEV3jWsyf2p8o7ds9IDWoX6QzzIGF1/view?usp=sharing,,https://drive.google.com/file/d/1oQVxM7YnSbrzZBnKE3s12ekGKXNygj_K/view?usp=sharing,"Posesión posicional en sistema 142 (transformables en 132+1) ante la presión alta del rival en 32 con el objetivo de mantener el balón dentro del propio grupo o enviarlo al de enfrente para que haga lo mismo.
Si el equipo rival roba la pelota intenta finalizar en las porterías grandes.
"
Situación de partido,Reinicio y Construcción Z 1-2,5x5*,Reinicio 5vs5 +2 en zona 1 contra presión alta,https://drive.google.com/file/d/1G65MAh-nxhntJscU-Shchh_PcMoWkv_7/view?usp=sharing,,https://drive.google.com/file/d/1-lgSD1O8r8re6UGYQhAiomniPxE_Zx6Q/view?usp=sharing,"Juego de ubicación de 3 equipos en el que un equipo trata de mantener la pelota en zona 1 ante la presión de otro equipo que pretende robar y finalizar en la portería.
Si el equipo que tiene el balón logra mantenerlo 30"" puede contactar con el tercer equipo para que intenten lo mismo ante la oposición del equipo que estaba robando."
Juego de progresión,Finalizar / Evitar Finalizar,6x4,Posesión 6vs4 para crear una finalización,https://drive.google.com/file/d/1-1QoMkDdjfgYGy8hBhIJGfk2TkfIprA9/view?usp=sharing,,https://drive.google.com/file/d/1ZLuaA1FvMVMscctZsqiy86LRXsYloccf/view?usp=sharing,"Posesión de 6 jugadores contra 4 con el objetivo de crear una oportunidad de finalización rápida. Si esta es exitosa, el equipo que está defendiendo, pasará a defender al rectángulo contiguo, donde esperará otro equipo para atacar.
Si el equipo que está en rol defensivo roba el balón, tiene la opción de enviarla al otro rectángulo o de finalizar con éxito en la portería.
*Opción de meter un número mínimo de pases para poder hacer gol y dar tiempo así a los defensas a llegar.
**Opciones de hacer esa superioridad con 2 comodines o con dos jugadores del equipo que espera y que viene a ayudar."
Juego de progresión,Progresar / Evitar Progresar,6x4,6vs4 con robo y disparo a portería grande o mantenimiento,https://drive.google.com/file/d/1QDXBfd6oWYN7bqyhJ29BlS01XR3-Spco/view?usp=sharing,,https://drive.google.com/file/d/1n0Y8Zpyx3be0IwpVxgge-iElrOW359yv/view?usp=sharing,"Un grupo de 6 jugadores con la ayuda del portero inician una posesión de balón ante un grupo de 4 jugadores.
En cualquier momento, pueden avanzar al rectángulo contiguo donde les estarán esperando otros 2 jugadores y en ese rectángulo podrán anotar atravesando la línea de fondo rival.
Cuando el equipo que inicia defendiendo roba el balón, intenta transitar hacia la portería y si no puede, lanza el balón hacia atrás para iniciar una posesión con el objetivo de progresar hacia la siguiente zona y desde ahí, buscar una finalización.
        "
Juego de conservación,Mantener / Evitar Mantener,6x3,Posesión 6vs3 con 3 zonas de 1vs2 esperando,https://drive.google.com/file/d/1qxchx7_piQM1Yx-gffdT0nP30owXHg5k/view?usp=sharing,,https://drive.google.com/file/d/1t0ybsVHLzIzSNcOVVrC4_LUEcWPN_y9s/view?usp=sharing,"Posesión 6vs3 en la cual cuando se produce un robo hay que intentar jugar con uno de los cuadrados contiguos (sacarla de zona de robo) y ahí se inicia la nueva posesión del equipo que se haga con la pelota.
Cuando el balón se desplaza los jugadores viajan juntos para hacerse fuertes en la zona de balón."
Juego de conservación,Mantener / Evitar Mantener,5x5*,Posesión 5vs5+2 comodines interiores,https://drive.google.com/file/d/1rgwbFi073uB68ywWnWG9-sz38CsyYFsL/view?usp=sharing,,https://drive.google.com/file/d/1-z_1pVjzY5-RmDl5kT_CkoDS3QnVA8R4/view?usp=sharing,Posesión 5vs5 en la que los jugadores del equipo poseedor cuentan con la ayuda de 2 comodines interiores.
Juego de conservación,Mantener / Evitar Mantener,4x4*,Posesión 4vs4+2 comodines interiores en hexágono ,https://drive.google.com/file/d/14W1fq_vhTRwfTO46N_Y2-U14fUf4HhCb/view?usp=sharing,,https://drive.google.com/file/d/1_UMQV-0yyVZiE0hxU7A-0H8Co1HKFyn4/view?usp=sharing,Posesión en la que un equipo mantiene el balón y el otro tiene que intentar robar y sacar el balón fuera del hexágono para anotar en cualquiera de las seis minporterías que hay en los lados o conseguir que tres jugadores contacten el balón .
Juego de conservación,Mantener / Evitar Mantener,6x6*,Posesión 9vs6 con 3 esperando,https://drive.google.com/file/d/1-tcqW9pBIds7acqldhvTCLep9qBQHoPm/view?usp=sharing,,https://drive.google.com/file/d/1l9W5RCTLk-gfOPzjYVHV3EdeQJ0YkaDP/view?usp=sharing,"Posesión 9vs6 en la esquina de un rectángulo. El equipo que defiende intenta robar y lanzar el balón a la esquina opuesta.
El equipo que pierde tiene que realizar una transición defensiva para evitar que salga el balón de ahí.
* Los 3 jugadores que esperan, pueden repartirse."
Juego de conservación,Mantener / Evitar Mantener,5x3,Posesión 5+1 vs3 con 3 esperando,https://drive.google.com/file/d/1lJ6z0fiRodz0RvOV39gDEAVYyKvUzBA0/view?usp=sharing,,https://drive.google.com/file/d/18ReTZgIgXkXPjrBw1bourbUQ4n9OSNN-/view?usp=sharing,"Posesión en 4 cuadrados contiguos. En uno de ellos se juega un 5vs3 con un jugador del equipo atacante esperando en otro cuadrado y 3 defensores esperando en los otros dos cuadrados.
El equipo que ataca tiene que mantener el balón pudiendo cambiar de cuadrado mediante un balón al hombre libre y movimientos de apoyo (solo tiene un toque).
El equipo defensor tiene que intentar robar el balón y enviarlo hacia sus compañeros de los cuadrados cercanos. El equipo que ha perdido tiene que realizar presión tras pérdida para evitarlo."
Juego de conservación,Mantener / Evitar Mantener,XxX,Posesión con jugadores aumentando,https://drive.google.com/file/d/1ov3cx1_TMCvd-7U0YGJlL_QFZ5aMIRB7/view?usp=sharing,,https://drive.google.com/file/d/19sCJYJ5MTa_rm7WMgaZUwLXWFydGF8o1/view?usp=sharing,"Se inicia una posesión en una zona del campo contra un número de jugadores determinado mientras que jugadores de ambos equipos esperan fuera.
Si se dan 6 pases seguidos, se amplía la zona de intervención.
Los jugadores que presionan tienen que intentar robar y sacar el balón a sus jugadores exteriores. Si lo consiguen, se cambian los papeles. Si no, se reinicia la posesión en la zona en la que estaban."
Juego de conservación,Mantener / Evitar Mantener,5x3,Posesión 5v3 con 2x5 y 1x2 esperando,https://drive.google.com/file/d/1uTsglsDCS3jN59VB2TapR7dEkU4xx9Gu/view?usp=sharing,,https://drive.google.com/file/d/1qYD6qOK5Rwb1EaVWOqRkJe2i-CX6Qs7q/view?usp=sharing,"Posesión de cuatro equipos de 5 en uno de los 4 rectángulos en los que divividimos un rectángulo mayor.
A él entran a robar 3 jugadores (sus dos compañeros se quedan en otro rectángulo). Los otros dos equipos se colocan en los dos cuadrados restantes.
Cuando los defensores roban el balón tienen que enviar el balón a uno de los otros equipos para que a ese cuadrado vayan 3 miembros del grupo que ha perdido el balón. Los que han robado el balón pasan al cuadrado en el que estaban sus otros compañeros.
El equipo poseedor de balón puede enviarlo a otro rectángulo en cualquier momento y entonces los 2 jugadores del equipo que está intentando robar, van a dicho rectángulo a iniciar la presión."
Juego de conservación,Mantener / Evitar Mantener,5x3,Posesión con porterías y jugadores exteriores esperando a la transición,,,,"Tarea de mantenimiento de balón de 5 jugadores contra 3 en la cual, si estos roban, intentarán pasar conduciendo por las miniporterías exteriores o recibir un pase entre ellas.
Para lograrlo podran utilizar a dos jugadores exteriores que estarán pendientes de la transición ofensiva.
El equipo que pierde el balón tiene que activarse para recuperar el balón lo antes posible.
Cuando el balón sale fuera, siempre empieza sacando el mismo equipo."
Juego de conservación,Mantener / Evitar Mantener,5x5*,Posesión 5vs5 +1 o 2 con campo ampliable tras robo,https://drive.google.com/file/d/1kFZDla1IIvaBJLPy2ESQco29vIh29vvx/view?usp=sharing,,https://drive.google.com/file/d/1GZlEEPP-LzhMnviaVRVjOZZzm7_SN8zH/view?usp=sharing,"Juego de ubicación en la que un equipo inicia la posesión y trata de mantener el balón todo el tiempo que puedan.
El equipo defensor tiene que intentar hacerse con el balón e iniciar la posesión en el espacio en el que estaban jugando o conseguir realizar un desmarque y dar un pase a la zona contigua para liberarla y que el campo sea más grande.
El equipo que pierde el balón también puntúa si recupera el balón antes de que el equipo que había robado, lo saque al campo contiguo.

* Cuando el balón sale fuera, el equipo que mantiene la posesión inicia la misma en una zona reducida."
Juego de conservación,Mantener / Evitar Mantener,5x5*,Posesión 50 pases en carriles,https://drive.google.com/file/d/1ZlNuO6ggD67KSuxGX7MMNnQgRQvumVxQ/view?usp=sharing,,https://drive.google.com/file/d/1lsgDnrheVctl-_LHMoulupSHb_eNm22r/view?usp=sharing,Posesión en la que dos equipos tratan de mantener el balón y acumular pases (se van contando los que se dan y se suman a los conseguidos en las anteriores jugadas) mientras que el equipo defensivo trata de recuperar el balón haciendo hincapié en la desocupación de los carriles alejados como forma de encerrar al rival.
Juego de conservación,Mantener / Evitar Mantener,5x5*,Posesión 5vs5 +1,https://drive.google.com/file/d/137sHqvyb-2tN0qCHNBjWOX0XR7wmkX-J/view?usp=sharing,,https://drive.google.com/file/d/12ITs7huJAuR07JhD4B0TSV_v9lUuuU1C/view?usp=sharing,"Posesión 5vs5 +1 en la que el equipo con balón tiene la intención de mantener la posesión del balón intentando conformar con 3 jugadores en primera línea de construcción, dos en los carriles exteriores y uno a espaldas de la línea de contención rival.
El equipo defensor trata de sincronizar la presión para que no se reciba a espaldas de los defensores. "
Juego de conservación,Mantener / Evitar Mantener,4x4*,Posesión 3 equipos y cambios dentro fuera tras robo,https://drive.google.com/file/d/1GrI0vaY16fpYyUR7PkNykUS-2t6yxWSs/view?usp=sharing,,https://drive.google.com/file/d/18RM7irQ80u3kXog0Qg2BJKG8vgiHse9f/view?usp=sharing,"Tres equipos juegan una posesión de balón en la que uno de ellos trata de robar a los otros dos que se disponen con un jugador dentro y tres por fuera.
El equipo que pierde el balón pasa a robar y el que lo recupera tiene que conseguir sacar el balón fuera del cuadrado y salir a ocupar sus posiciones exteriores e interior."
Situación de partido,Priorizar recuperar tras pérdida Z 3-4,4x4*,Juego de ubicación 4vs4 con porterías frontal y lateral,https://drive.google.com/file/d/1_8iPvTwUx4a8xZGjQglEto1ka5zsZOir/view?usp=sharing,,https://drive.google.com/file/d/1-ihwWkYzyeTDwm9H0Git6Zogy6sSaIzg/view?usp=sharing,"Posesión en la que un equipo ataca una portería grande que se ubica en un fondo y el equipo que inicia defendiendo tiene que robar y transitar hacia una portería ubicada en el la línea lateral del campo o hacia la línea de fondo del equipo que ha iniciado la posesión. Se hace hincapié en que cuando el equipo que inicia la posesión pierde la pelota, oriente al equipo contrario hacia una banda."
Juego de conservación,Mantener / Evitar Mantener,5x5*,Posesión para filtrar o girar el juego,https://drive.google.com/file/d/10Pi75XwXSZWWzXeL5ERAcgRFUzeykmLU/view?usp=sharing,,https://drive.google.com/file/d/1-h2UfQnXqSo2R95mO5JA7t3tT-D-I8hQ/view?usp=sharing,"Posesión en la que el equipo que tiene la pelota puntua consiguiendo contactar con uno de los dos comodines interiores y que este lleve el balón al cuadrado opuesto al que ha recibido la pelota. También consiguen puntuar si la pelota pasa por las 5 zonas.
El equipo que no tiene la pelota tiene que tapar líneas de pases interiores y a partir de ahí, sincronizar la presión para que en algún momento, la pelota no salga del cuadrado en el que se encuentra."
Juego de progresión,Progresar / Evitar Progresar,6x6*,Posesión 3 equipos y 3 zonas buscando tercer hombre,https://drive.google.com/file/d/1XuBvSdvDMKsgEonFMRq_DpHnBQABMJU2/view?usp=sharing,,https://drive.google.com/file/d/1TYVoHJ-lozWw5-0lQHRMLK8FmIB0Gzyb/view?usp=sharing,"Posesión en tres zonas. Un equipo mantiene el balón en su rectángulo mientras otro se lo intenta robar. Para enviar el balón al campo del tercer equipo primero hay que jugar con el jugador que hay en la base  y después intentar conectar con los jugadores de la zona central para que estos puedan contactar con un tercer hombre y que este lleve el balón al otro lado.
* Si se dieran 1 O pases seguidos también se podría enviar el balón a campo contrario sin conectar con la zona central.
** Si hubiera un robo, se intenta llevar el balón al campo contiguo y si se consigue, se intercambian los roles entre el equipo defensor y el que ha perdido la posesión."
Juego de conservación,Mantener / Evitar Mantener,XxX,Posesión 4 zonas y cambio de una a otra,https://drive.google.com/file/d/1foOmNH1LIyGw7rjb7w5BbB-JKWlfmpPG/view?usp=sharing,,https://drive.google.com/file/d/1X_bIQPTTBfx47f4rgKxZguTGtXLui-aM/view?usp=sharing,"Posesión con el campo dividido en cuatro zonas (en cada una hay un comodín). Cada vez que un jugador pasa el balón a un compañero, debe ir a intervenir a otra zona. Si es el comodín el que va a otra zona, el comodín que estuviera ahí, tiene que ocupar otra zona para asegurar que siempre hay uno por zona."
Juego de conservación,Mantener / Evitar Mantener,5x5*,Posesión con 4 esquinas a conquistar,https://drive.google.com/file/d/1UVWrjkyGa8phHX44ZD58RWsq6294B0xb/view?usp=sharing,,https://drive.google.com/file/d/1cW818XKGpQdm0R9JY7fxvPbMuhDPfJE2/view?usp=sharing,"Posesión en un rectángulo en el cual hay cuatro cuadrados más pequeños en cada una de las esquinas.
El objetivo del equipo que tiene la pelota es conseguir que un jugador reciba un pase en esa zona y se mantiene la posesión.
Si lo consigue, habrá conquistado esa zona y habrá que buscar las otras zonas.
Al perder el balón se reinicia el juego."
Juego de conservación,Mantener / Evitar Mantener,5x5*,Posesión 5vs5 +3 en fondos y bases,https://drive.google.com/file/d/1jDclaUJT9TbM8vZ-08IwzCkd9Y3dmKjd/view?usp=sharing,,https://drive.google.com/file/d/1GgtyXTNQarrxqT8RVvkKb2-sqe67ju55/view?usp=sharing,"Juego de ubicación en un octógono en el que los jugadores interiores tienen dos apoyos en los fondos (juegan a un toque) y uno en la base.
Los lados laterales del octógono pueden ser utilizados por algún jugador interior.
A cualquier jugador que esté fuera del octógono se le puede presionar una vez que el balón haya salido del espacio de juego."
Juego de conservación,Mantener / Evitar Mantener,3x3*,"Posesión 3vs3 + 4,5",https://drive.google.com/file/d/1I5BK-5J_bUAMah7dkoad1lGJENkaUYBk/view?usp=sharing,,https://drive.google.com/file/d/11Fym-RwrbzVL4gR_8S1G3Bv73ehyC5XD/view?usp=sharing,"Posesión 3vs3 + 4 comodines exteriores y uno interior que va cambiando de rectángulo cada vez que interviene. 
*No se puede jugar de fuera a fuera."
Juego de progresión,Progresar / Evitar Progresar,5x4,Posesión 5vs4 para superar línea,https://drive.google.com/file/d/18oPgKU4UYHDc7aFxijtVv1zwkPzwB63j/view?usp=sharing,,https://drive.google.com/file/d/1keGiOmEAqPg4Q0hqrNCCX9UljJDo0f59/view?usp=sharing,"Posesión dentro del rectángulo en la que el equipo poseedor incorpora a un jugador para hacer superioridad y con ella intentar atravesar la línea de fondo rival.
Los defensores hacen trabajo de línea para evitar el progreso y uno de ellos se queda fuera del rectángulo y en carril central para defender la miniportería."
Juego de progresión,Progresar / Evitar Progresar,4x4*,4vs4 +1 o 2 para atravesar línea o meter en miniportería,https://drive.google.com/file/d/1kiGX37e8H2ypFiV0g2wgxfcoZebwqM0c/view?usp=sharing,,https://drive.google.com/file/d/1ltgavWZLDz8V8nG90ntesOdmg7J8foOX/view?usp=sharing,"Posesión en la que el equipo que tiene la pelota, junto con el apoyo del comodín/comodines tiene que intentar atravesar la línea del campo contraria o anotar en miniportería.

El equipo defensivo centra sus esfuerzos en el trabajo de línea de 4 con saltos y correcciones de posición."
Juego de progresión,Reinicio y Construcción Z 1-2,4x4*,4vs4+ 2 para progresar y ganar estructura,https://drive.google.com/file/d/1evflTq-GLjQHTvzuStQ6MnlOS2DreFZf/view?usp=sharing,,https://drive.google.com/file/d/12207Rmqfy5fNfqmyH_oxToWPlT4E_1UN/view?usp=sharing,"Juego de progresión desde un reinicio frente a la presión rival con la intención de progresar hacia una zona de conquista y ganar estructura pasando de conformar con 4 a hacerlo con 3 en primera línea de construcción.
El equipo que inicia defendiendo tiene que intentar robar y realizar una transición ofensiva hacia la portería."
Juego de progresión,Reinicio y Construcción Z 1-2,6x6*,Reinicio para progresar y ganar estructura,https://drive.google.com/file/d/1XzWp2R5OMOaDB-lUZ5LZWuhZxR2hQ9IS/view?usp=sharing,,https://drive.google.com/file/d/1a2fS0uR38GYfq1EOX0MRQyZ6C0e9RFyQ/view?usp=sharing,Juego de progresión desde un reinicio frente a la presión rival con la intención de progresar y ganar estructura pasando de conformar con 4 a hacerlo con 3 en primera línea de construcción.
Situación de partido,Progresión juego interior Z 2-3,5x4,5vs5 con progresión doble ,https://drive.google.com/file/d/16l57U_ijWtrbqjELpGUHDG6MExjJWY3x/view?usp=sharing,,https://drive.google.com/file/d/1AmJ-0Ws6PRBteiWjwNL4Iieonj1Gih84/view?usp=sharing,"Un equipo de 5 jugadores inicia una posesión en zona 2 con la intención de progresar a la zona 3 para que sus compañeros de esa zona continuen con la intención de progresar, en este caso, conquistando la espalda de la defensa rival.

El equipo que inicia defendiendo tiene que hacer lo mismo desde la zona en la que roba.

*En cualquier momento se puede regresar a la zona siguiente si es necesario."
Situación de partido,Priorizar recuperar tras pérdida Z 3-4,5x5*,5vs5 +-2 con progresión o contraataque,https://drive.google.com/file/d/15floikqU6GmZiXYiY_TYSZ5JceNMhqiv/view?usp=sharing,,https://drive.google.com/file/d/1iysumiqF8HlGh2hh2cLQMriX38TM9ijX/view?usp=sharing,"Juego de progresión en el que un equipo de 7 jugadores se enfrenta o otro de 5 jugadores, que deja a 2 descolgados.
El equipo que inicia con la posesión tiene que intentar progresar conquistando la espalda del rival para después finalizar en portería o mantener el balón en un espacio más amplio.
El equipo que inicia defendiendo, intenta recuperar el balón y jugar con los descolgados para lanzar un contraataque intentando progresar hacia la portería rival.
El equipo que pierde la pelota tiene que impulsarse tras la pérdida para evitar esa progresión.
Cuando se finaliza una acción, se vuelve a iniciar una posesión en una de las dos zonas de juego."
Juego de progresión,Progresar / Evitar Progresar,5x5,Posesión 5vs5 para salir del hexágono,https://drive.google.com/file/d/180GI4dpNmNSbhamy189-6I1_30eH9siv/view?usp=sharing,,https://drive.google.com/file/d/1P_rMTqt_5DdusyN0QiUvIG3mt8gcptXM/view?usp=sharing,"Posesión de atraer para encontrar la espalda. En un hexágono, el equipo que tiene el balón trata de mantener la posesión del mismo hasta que pueda realizar un pase para un compañero que se desmarque saliéndose del hexágono y reciba el balón en carrera."
Juego de progresión,Progresar / Evitar Progresar,5x5*,Posesión de 2 anillos,https://drive.google.com/file/d/1fBwr_lNOTlrdVSCvCPngPUkrV0MG7-CE/view?usp=sharing,,https://drive.google.com/file/d/18EHytOLhTmD7zwNb2YSysJ07butCfHaN/view?usp=sharing,Posesión en la cual el equipo que tiene el balón tiene la posibilidad de jugar en el anillo pequeño o salir de ahí al grande con un desmarque y un pase a esa carrera. Tras ello los jugadores tendrán que viajar juntos para acompañar a los receptores y poder seguir conservando la posesión del balón.
Juego de progresión,Progresar / Evitar Progresar,5x5*,5vs5 + 1 en fondo y miniporterías en medio,https://drive.google.com/file/d/1J0Qsq0VYoMCz83t4ms-kDvDvxXpzjElG/view?usp=sharing,,https://drive.google.com/file/d/1U-VO2XWWKOOomr3V7WFKSNxn61g-suSM/view?usp=sharing,"Posesión 5vs5 con un apoyo en el fondo.
El equipo que tiene la pelota puntua anotando en las miniporterías que hay en el centro del espacio de juego (en conducción o pase recibido) o conquistando la zona que hay a la espalda del rival mediante un pase al hombre que hay en esa zona y ser capaces de establecerse (aguantar al menos 10"") en campo contrario."
Juego de progresión,Progresar / Evitar Progresar,5x5*,5vs5 +3 con distintas zonas,https://drive.google.com/file/d/10Kk4HHGtzkgFJ8gedvRMOkiEn8SgwWSW/view?usp=sharing,,https://drive.google.com/file/d/1z31bVWLeg8kiUrHyMKkg2O37sycJ3eno/view?usp=sharing,"Juego de progresión en 5vs5 +3 con el campo dividio en 3 zonas y 3 carriles.
El objetivo del equipo que tiene la pelota es progresar hasta la última zona y establecerse ahí durante al menos 7"".
Para ello, se incidirá en una constante reubicación para que se ocupen las distintas zonas del campo en función de las demandas del balón.
El equipo que no tiene el balón tendrá que robar el balón y hacer lo mismo."
Juego de conservación,Mantener / Evitar Mantener,4x2,Posesión 4vs2 y alejados,https://drive.google.com/file/d/1jk9MXic1JFjKw0Anbh2eUXzoQCjO7xMU/view?usp=sharing,,https://drive.google.com/file/d/12m6mmfDERSWe5JKesjIK5my7vtustIzD/view?usp=sharing,"Posesión 4vs2 con 2(2vs1) esperando a que les venga el balón como jugadores alejados. Tras ese balón, los jugadores se desplazan y se juega otro 4vs2.
Si los defensores roban la pelota, la tratan de llevar al cuadrado libre y el equipo que ha perdido, tiene que tratar de evitarlo."
Juego de conservación,Mantener / Evitar Mantener,5x5,Posesión 5vs5 liberar esquinas,https://drive.google.com/file/d/1H4XZHHGOt69AaMnMslYNcEjjDOyXU56H/view?usp=sharing,,https://drive.google.com/file/d/1a47E7kuuD94nD4oh1xjGDfa3DlpAZqyV/view?usp=sharing,"Posesión de 5vs5 con dos jugadores de cada equipo esperando en esquinas opuestas de un rectángulo. Al jugar con ellos, si consiguen devolver la pelota a la primera, el equipo que lo ha hecho los libera y pasa a tener un jugador interior más.
Cuando los dos equipos consiguen jugar en 5vs5, se juega hasta que la pelota sale del rectángulo y se reinicia la dinámica."
Juego de conservación,Mantener / Evitar Mantener,3x3*,Posesión con comodines fuera e intercambio de posiciones,https://drive.google.com/file/d/1k24Fz6l5eUpW4tEIDiYtjrw6qlIN86Q9/view?usp=sharing,,https://drive.google.com/file/d/119T9zY-E9ZU1t6n2sXSH8Aclzxs5NKQU/view?usp=sharing,"Dos equipos juegan una posesión en la que ambos tienen a compañeros fuera del espacio de juego. Si un jugador que está dentro, combina con uno de fuera, cambia la posición con él.
* Posibilidad de permitir el robo al que está fuera.
** Posibilidad de que el que recibe fuera pueda entrar en conducción."
Juego de conservación,Mantener / Evitar Mantener,6x6*,Posesión 2 tienen 1 roba,https://drive.google.com/file/d/1nobBourVTJxtXCSKP6IHkCj0Y3txDgWV/view?usp=sharing,,https://drive.google.com/file/d/1ke-VT4bukLdD1-T6jnfnMfiM_kR50XrC/view?usp=sharing,"Posesión en la que un equipo mantiene la posesión del balón pudiendo usar a los jugadores exteriores.
Si se produce un robo se realiza una rápida transición (el que pierde roba y los que han robado pasan a jugar en la posición que estaba el equipo que ha perdido).
* Posibilidad de dejar las posiciones fijas y solo rotar por tiempo."
Juego de conservación,Mantener / Evitar Mantener,5x3,Posesión 5vs3 con 2 esperando,https://drive.google.com/file/d/1YEbpME636dzInjhaY8I-7A19yJnvdbMG/view?usp=sharing,,https://drive.google.com/file/d/1VdKKeyToUkRSLD1_xe5XcmsmIPJBZunf/view?usp=sharing,Posesión con inferioridad numérica en defensa y salida tras pérdida con balón al rectángulo contiguo para continuar la posesión allí.
Juego de conservación,Mantener / Evitar Mantener,3x3*,Posesión 3vs3 + 1 y alejados,https://drive.google.com/file/d/1UXq6s6WmFrvD6Yl6pb1oi1bhB47M-QW2/view?usp=sharing,,https://drive.google.com/file/d/1VOx5nJfbgtlX7EM4CYg1xpEdR1btOs54/view?usp=sharing,"Posesión con el rectángulo dividido en cuatro. En uno de esos rectángulos se inicia una posesión 3vs3+1.
En los dos rectángulos contiguos se colocan un defensor y un atacante.
En cualquier momento los poseedores del balón (el equipo que la tenía de inicio o el que la ha robado) podrán enviar el mismo a otro rectángulo y a partir de ahí, viajan los jugadores que hagan falta para completar ese 3vs3+1."
Juego de progresión,Progresar / Evitar Progresar,3x3*,3vs3 + 1 con carriles exteriores,https://drive.google.com/file/d/1OiwUBeOJH3C5d0mJen6_bU101zu6b5Zz/view?usp=sharing,,https://drive.google.com/file/d/1I49VclO6ajcD1aZ412sd6OQnX7CLngiQ/view?usp=sharing,Juego de progresión en el que tres jugadores cuentan con la ayuda de un comodín (que no puede anotar) para intentar atravesar la línea de fondo del equipo rival en conducción o pase y/o meter gol en las miniporterías.
Juego de progresión,Progresar / Evitar Progresar,3x3*,3vs3 + 3 en 3 zonas,https://drive.google.com/file/d/1WePrjK-h8sbcs5AJ2EpqSAHv9kuwm-uX/view?usp=sharing,,https://drive.google.com/file/d/1VUEk3CT1AeMtk7exQiz6NJhB46UN4WQe/view?usp=sharing,"Juego de progresión en 3 zonas con un comodín en cada una de ellas (que juega a un toque cuando el pase viene de otra zona o libre cuando viene de la misma).
El objetivo del equipo que tiene la posesión es progresar hasta la última zona y establecerse ahí el mayor tiempo posible.
Cuando se juega a otra zona, habrá que activar apoyos para darle soluciones al compañero.
El equipo que no tiene la pelota, tiene que intentar robar y progresar desde la zona en la que lo haya hecho."
Juego de conservación,Mantener / Evitar Mantener,3x3*,3vs3 +3 en triángulo,https://drive.google.com/file/d/11k9UhrXpUWLbmQpjWN5zCM4ZLXib6YzQ/view?usp=sharing,,https://drive.google.com/file/d/1ekt7RlXZ5o4r0X8dPfWxatvm7LXWIPUa/view?usp=sharing,Posesión 3vs3+3 en triángulo con los apoyos fuera o dentro en función de las demandas del juego.
Juego de conservación,Mantener / Evitar Mantener,1x1*,Posesión con 1vs1 en 10 zonas,https://drive.google.com/file/d/1XjueEu8Gfgyo94aX33BhzMWrssp-74RN/view?usp=sharing,,https://drive.google.com/file/d/1t1i7xfokKesX0KXVHv-zU5MzmObDhveQ/view?usp=sharing,"Posesión 1vs1 en distintas zonas del campo con 1 o + balones en la cual los jugadores pueden contactar con los compañeros de otras zonas pero no pueden invadir dichas zonas.
* Posibilidad de incluir algún comodín para darle más dinamismo a la tarea."
Juego de conservación,Mantener / Evitar Mantener,2x2*,Posesión 2vs2 en 3 zonas +1*,https://drive.google.com/file/d/1SkU-jNCEVUAlJT5l1MzWoxE5YaSAQ3dD/view?usp=sharing,,https://drive.google.com/file/d/1DN3fUEwc3Xr_lJ4tB-_qSGPHGf_ejLGn/view?usp=sharing,"Posesión con el campo dividido en tres zonas. En la de iniciación y finalización se juega un 2vs2 y en la de creación un 2vs2 + 1. Esa superioridad en el centro es la que hay que aprovechar para darle fluidez al juego.
* Si no sale fluida la tarea se puede añadir otro comodín para que siempre haya uno en zona de balón y otro en la contigua.
** Se puede permitir el invadir zona en ataque mediante la conducción de balón."
Juego de progresión,Progresión juego exterior Z 2-3,XxX,Posesión en carriles y zonas,https://drive.google.com/file/d/1ZwQIJ5gQSF5AHbDonR2W2N4Sq2SDCBAI/view?usp=sharing,,https://drive.google.com/file/d/1SECqHuPJOefIWnKxjK4ODmtEqRAHYTxx/view?usp=sharing,"Posesión con el campo dividido en 5 carriles y 3 zonas en la cual el objetivo es atravesar la línea de fondo del equipo rival.
Si esto se consigue por los carriles exteriores, la puntuación será doble.
*Para que el gol sea válido, todos los jugadores deberán estar en las dos zonas próximas a las de conquista.
**Si tras anotar se consigue dar continuidad a la jugada (5 pases), se añadirá un punto a la jugada."
Juego de progresión,Progresar / Evitar Progresar,2x2*,2vs2+1 en fondo y miniporterías,https://drive.google.com/file/d/1wsxtVEFku_gXaD0i0svkCkD3tbESMXjV/view?usp=sharing,,https://drive.google.com/file/d/1wVqTNx9eFywc8EHGA1BMZleL_Zq5a9Fp/view?usp=sharing,"Posesión 2vs2 con un apoyo en el fondo para facilitar el objetivo de anotar en miniporterías al primer toque.
El equipo que defiende tiene que intentar tapar la línea de pase con el jugador exterior, acostumbrándose a defender por delante."
Juego de progresión,Progresar / Evitar Progresar,3x3*,3vs3+1 en fondo y miniporterías,https://drive.google.com/file/d/14iV6KBL0CpWwKDJWQR8RTPb8yJ5eV8mi/view?usp=sharing,,https://drive.google.com/file/d/1P2U_1F2Ahfnod3cR5CUbONvca5e7TslK/view?usp=sharing,"Posesión 3vs3 con un apoyo en el fondo para facilitar el objetivo de anotar en miniporterías al primer toque.
El equipo que defiende tiene que intentar tapar la línea de pase con el jugador exterior, acostumbrándose a defender por delante."
Juego de progresión,Progresar / Evitar Progresar,3x3*,3vs3+2 en las espaldas,https://drive.google.com/file/d/1bRmv8GDM_WOo5gQ1qu7PME-OPu6fCZqm/view?usp=sharing,,https://drive.google.com/file/d/125mn2V0Rz30YcnKFvwH-txvJNnfM-pos/view?usp=sharing,"Posesión 3vs3 con 2 jugadores por equipo a la espalda de los defensores en la que se intenta que el equipo que tiene el balón sea capaz de enviar el balón a los jugadores adelantados y ahí dar 5 pases o contactar con el jugador que se incorpora a la zona hacia la que se ha avanzado.
El equipo que no tiene el balón tiene que intentar robarlo en primera instancia y hacer lo mismo o retroceder tras ser superado por el balón y evitar que la progresión sea efectiva."
Juego de progresión,Progresar / Evitar Progresar,3x3*,3vs3 +1y1,https://drive.google.com/file/d/18xBujUgXdnd6SNELKsVeUwlTHbtVkUXk/view?usp=sharing,,https://drive.google.com/file/d/1jZ1ugqdQvTADnOyN5eDFCHmQ28EYrlN0/view?usp=sharing,"Juego de progresión en 3vs3 con un comodín y un jugador extra de cada equipo esperando en la siguiente zona para que se avance ahí.
Una vez se logre eso, hay que conservar la pelota durante 10"" para que puntúe el equipo que lo consiga. A partir de ahí, se reinicia la jugada en la zona central.
Si el equipo defensor roba la pelota, intenta hacer lo mismo, partiendo desde la zona en la que haya hecho el robo."
Juego de progresión,Progresar / Evitar Progresar,3x3*,3vs3 +3 para conquistar zona y continuar,https://drive.google.com/file/d/1RwLf6hmVd9-WXwTw2SlWGn-IUtYeN-SO/view?usp=sharing,,https://drive.google.com/file/d/1PYpUTw-fj6fIGxDVs8R3E38udFsXqBZE/view?usp=sharing,"Juego de progresión en el que 3 jugadores intentan conquistar una zona a la espalda del equipo defensor (1 punto).
Si consiguen darle continuidad a la jugada tras ello, anotan otro punto.
Para ello, cuentan con la ayuda de 3 jugadores que intentan ocupar zonas exteriores y la zona más retrasada del equipo.
*Si la superioridad es muy grande, se puede obligar a los comodines a jugar a un toque o prohibir que jueguen entre ellos."
Juego de conservación,Mantener / Evitar Mantener,2x2*,2vs2+2 con carriles,https://drive.google.com/file/d/1TqWtpEnO6XXx0U21hQBc26C6Wz4h62Hd/view?usp=sharing,,https://drive.google.com/file/d/1RIS4ifmxoFxmK5juYU5_5UC4HxxjN2RE/view?usp=sharing,"Juego de ubicación en el que dos jugadores ofensivos, sitaudos en los carriles de un rectángulo, intentan mantener el balón con la ayuda de dos comodines que intercambian su posición en el fondo y en el interior del rectángulo ante la oposición de dos jugadores.
Cuando se produce el robo, se intercambian las posiciones."
Juego de conservación,Mantener / Evitar Mantener,2x2*,Posesiones posicionales 2vs2 +1,https://drive.google.com/file/d/13T-LPRWEX-tU874dDeuBYMJUDad8XBB7/view?usp=sharing,,https://drive.google.com/file/d/1zlgFmSrLjEz8K077NOsOYXG1tp01vMcJ/view?usp=sharing,Posesiones en espacio reducido en las que se reproducen las relaciones que se pueden dar en momentos del juego siguiendo las zonas de ocupación de los jugadores involucrados.
Juego de conservación,Mantener / Evitar Mantener,2x2*,Juegos de ubicación 2vs2 con comodines compartidos,https://drive.google.com/file/d/1nVWF7DYOjr7kia_cLVDHaFwWe0sdNvu2/view?usp=sharing,,https://drive.google.com/file/d/1ut-XSIl_jzxDD9krYmJNuEOxMu608_h-/view?usp=sharing,"Juego de ubicación en 2vs2 con comodines compartidos entre los dos grupos.
El comodín que se encuentra entre ambos espacios de juego atenderá a unos o a otros en función de las demandas que interprete."
Juego de conservación,Mantener / Evitar Mantener,3x3*,Posesiones posicionales 3vs3 +1,https://drive.google.com/file/d/1Atd8l3jjMzWO3vmqCs9ZDCI_Bg8J9ZOg/view?usp=sharing,,https://drive.google.com/file/d/1k1IbfJxS6rEAmALKvb3Fwg_c5VVSfvEU/view?usp=sharing,"Posesiones en espacio reducido en las que se reproducen las relaciones que se pueden dar en momentos del juego siguiendo las zonas de ocupación de los jugadores involucrados.
El equipo que tiene la superioridad tiene que intentar conquistar la espalda del equipo contrario y después seguir manteniendo la posesión del balón.
El equipo que juega en inferioridad tiene que intentar robar y anotar en la miniportería."
Juego de conservación,Mantener / Evitar Mantener,3x3*,3vs3+3 ,https://drive.google.com/file/d/19rAX-KpUGOr288HfhYhrABTLer46CJSO/view?usp=sharing,,https://drive.google.com/file/d/1WJFU0c7SiEQooRQH8c4UUjIktwUsnFMi/view?usp=sharing,Posesión 3vs3 con apoyos en las bases y en el centro en la que el objetivo es conseguir llevar el balón de una base a la otra (cosa que no pueden hacer los comodines). *Como variante los comodines jugarán a un toque.
Juego de conservación,Mantener / Evitar Mantener,2x2*,2vs2 +2 en rectángulo,https://drive.google.com/file/d/104eU3oGgpVBgfZcMDMvGTrC_z9xws_MC/view?usp=sharing,,https://drive.google.com/file/d/1jPhflmuKpbsGcshWGsN6riWxA68oRFD2/view?usp=sharing,"Posesión 2vs2 + 2 comodines en los fondos del rectángulo. Los comodines juegan a un toque y los jugadores interiores, tienen toque libre."
Juego de conservación,Mantener / Evitar Mantener,3x3*,3vs3 +3 en hexágono,https://drive.google.com/file/d/1T6U88zorQnoFszx2OBlGIRPC0UVvpfPn/view?usp=sharing,,https://drive.google.com/file/d/17LmEmyRa2QA8qFp1lP8qSDKagQQcso85/view?usp=sharing,Posesión 3vs3 + 3 en la cual los comodines cubren 3 lados del hexágono y los jugadores interiores tienen que leer los espacios que estos han dejado para combinar el juego por dentro o por fuera del hexágono.
Juego de conservación,Mantener / Evitar Mantener,3x3*,3vs3 +1+3 en círculo,https://drive.google.com/file/d/12Ke-HZG36WUWm5HTo8qFc0xAG6bzaCpB/view?usp=sharing,,https://drive.google.com/file/d/1UZ99U44J2JvA7RNRlu_rj4YKTMHsjwIg/view?usp=sharing,Posesión 3vs3 con 3 comodines exteriores y uno interior (juegan a un toque) con el objetivo de mantener la posesión. El equipo defensor tiene que intentar robar el balón y meterlo en las miniporterías colocadas alrededor del círculo (en menos de 2 pases) o iniciar una posesión (lo cual cambiaría los roles). Se incide en la liberación de la zona débil en defensa.
Situación de partido,Ataque de área llegando,1x1*,3vs3+1 y finalización,https://drive.google.com/file/d/1t-aF2TIVqBbTcrQ43Mr5x_33LrUWmNxq/view?usp=sharing,,https://drive.google.com/file/d/10k7Ik5hIGIIPjG-FrpW81gylcsod0-Hi/view?usp=sharing,"Finalizaciones 1vs1 que parten de un pase a dos de los jugadores que están realizando una posesión 3vs3 + 1 y que al escuchar su número, salen en búsqueda del balón para finalizar."
Juego de progresión,Progresar / Evitar Progresar,2x2*,Posesión 2vs2 + 1 + 2vs2,https://drive.google.com/file/d/1x_G3TSK61ok-FuHyvLE1dnKhyoMx5IzD/view?usp=sharing,,https://drive.google.com/file/d/1PFVQRfxdpDGz_qVB-f--UZXB8QhzUJRS/view?usp=sharing,"Posesión 2 vs 2 con un comodín interior que da superioridad y puede llevar el balón al otro 2vs2 que hay en otra mitad del rectángulo (también lo pueden echar los 2 que tenían el balón si alguno de los defensores que estaban esperando salta a por él y no le ha dado tiempo a perfilarse). 
En tu mitad de campo progresas hacia tus compañeros y en la otra mitad hay que atravesar la línea de fondo."
Juego de conservación,Mantener / Evitar Mantener,3x3*,Posesión 3vs3 + 2 exteriores,https://drive.google.com/file/d/1zU6OojYPrZLIN8iX6O56lvmP00q0y4WZ/view?usp=sharing,,https://drive.google.com/file/d/1CC4021BS9KsX6iwivfyi7SwbtTpIssJO/view?usp=sharing,"Juego de ubicación dentro de un rectángulo en la que un equipo tiene la posesión y cuenta con el apoyo de dos comodines que, preferentemente, ocupan espacios exteriores.
El equipo que defiende tiene que intentar robar el balón y sacarlo a los comodines antes de que el equipo que lo ha perdido, lo vuelva a recuperar (1 punto).
El equipo que tiene el balón puntúa si da 10 pases seguidos."
Juego de conservación,Mantener / Evitar Mantener,2x2*,Posesiones conjuntas en 2vs2 con comodines exteriores e interiores,https://drive.google.com/file/d/1R8K_2V05zJe6HGLVT9PDcmltg1-2rATu/view?usp=sharing,,https://drive.google.com/file/d/1ptAFmhQUg4DdpPYCnPeEPwVAucspGdbC/view?usp=sharing,"Posesión 2vs2 en 3 cuadrados con comodines exteriores e interiores que se van desplazando para ir generando la superioridad en los distintos cuadrados.
También hay jugadores de cada equipo que tienen que cambiarse de cuadrado cuando esta va a uno en el que solo hay 1vs1.
Se puntúa mediante la acumulación de pases o la consecución de paredes.
"
Juego de conservación,Mantener / Evitar Mantener,3x3*,"3vs3 + 3,5",https://drive.google.com/file/d/1tlMhtrJnOf8Cpy8BQU0KZuonKOvWTXHH/view?usp=sharing,,https://drive.google.com/file/d/1vidqI1lbaQxgD7jpa-juPW33FSuE1RQf/view?usp=sharing,"Posesión 3vs3 en 2 rectángulos contiguos con 6 comodines exteriores y un interior que se van desplazando para ir generando la superioridad.        
        "
Juego de conservación,Mantener / Evitar Mantener,5x3,5vs3 con robo y disparo o mantenimiento,https://drive.google.com/file/d/1qolDzuLfe7ba80zufchNhycXRrF69Pv4/view?usp=sharing,,https://drive.google.com/file/d/1CiWHLE5oRZ4Qkx8z4ZDHnZEkeDHJl-SD/view?usp=sharing,"Un grupo de 5 jugadores mantiene la posesión de balón ante un grupo de 3 jugadores.
Si los que defienden roban el balón, pueden anotar en las miniporterías de su rectángulo o mandar la pelota al rectángulo contiguo para iniciar allí una posesión de balón (se trasladan los jugadores del equipo con balón para hacer la superioridad y jugadores del equipo que la ha perdido, para presionar)."
Situación de partido,Progresión juego interior Z 2-3,6x4,6vs4 con robo y disparo a portería grande o mantenimiento,https://drive.google.com/file/d/1QDXBfd6oWYN7bqyhJ29BlS01XR3-Spco/view?usp=sharing,,https://drive.google.com/file/d/1n0Y8Zpyx3be0IwpVxgge-iElrOW359yv/view?usp=sharing,"Un grupo de 6 jugadores inicia una posesión de balón ante un grupo de 4 jugadores.
En el rectángulo contiguo, estarán esperando otros 2 jugadores del equipo defensivo.
Si los atacantes consiguen progresar a ese rectángulo, se enfrentarán a los 2 jugadores que esperaban más  los otros que regresarán y tendrán que intentar atravesar su base mediante una conducción o un pase para posteriormente finalizar en la portería grande.
Si los que defienden roban el balón en el rectángulo más cercano a la portería rival, pueden o finalizar ahí o enviar la pelota al rectángulo de atrás para iniciar ellos la posesión. Si se roba en el rectángulo más alejado a la portería rival, se inicia la posesión ahí.     
        "
Juego de progresión,Finalizar / Evitar Finalizar,5x3,5vs3+2 con 5 esperando y porterías en medio,https://drive.google.com/file/d/1ggH7sGIkX_thh6akJzAgK232ioljCI5H/view?usp=sharing,,https://drive.google.com/file/d/1pgY1uuzAK88FBTo1yxo_9OOSY3Vuwpjt/view?usp=sharing,"Un grupo de 5 jugadores inicia una posesión en la que tras dar tres pases, pueden disparar a portería o enviar el balón al campo contiguo.
Un segundo equipo envía 3 jugadores a la presión y deja otros dos para tapar posibles pases filtrados al tercer grupo. Si los defensores roban la pelota, pueden disparar a puerta o enviar el balón al otro campo. Si tienen éxito en cualquiera de las dos opciones, cambian de roles con el equipo que ha perdido el balón. Si no, siguen robando.
Si el balón cambia de campo, los dos jugadores que estaban entre líneas pasan a presionar al otro lado y tratan de robar o contemporizar hasta que se incorpore el tercer defensor."
Juego de progresión,Finalizar / Evitar Finalizar,3x3*,3vs3 + 3 con finalización tras acumular pases o tras robar,https://drive.google.com/file/d/1A7Djx1OiUV5LlW4IZCq7pSEKFuxBJJsD/view?usp=sharing,,https://drive.google.com/file/d/18zh3DALTPbllx6SWavZIcOJvzWw591ZB/view?usp=sharing,"Dos equipos de 3 se enfrentan con el apoyo de tres comodines (exteriores o interiores) en un juego de ubicación en la que se finaliza tras acumular 5 pases o tras robo y transición ofensiva.
Si el equipo que inicia la jugada mete gol, sigue atacando. Si no, sale fuera y los que estaban, pasan a defender."
Juego de progresión,Progresar / Evitar Progresar,2x2*,2vs2 + 2 comodines laterales y miniporterías en el fondo,https://drive.google.com/file/d/18DhLIb4mFT5XhCEFRsbHapm4V58M_a6D/view?usp=sharing,,https://drive.google.com/file/d/13kfRmGBfjl9lc3rAoE_ycEFsgp3PUWqQ/view?usp=sharing,"Tarea de posesión y finalización en miniporterías en los carriles exteriores del fondo (o porterías grandes en el medio del fondo), que se juega en 2vs2 con dos comodines en los laterales que ayudan en la conservación del balón y fomentan la realización de paredes para superar a la línea defensiva rival."
Juego de progresión,Finalizar / Evitar Finalizar,3x3*,3vs3 + 3 en el área con porterías pequeñas y grande,https://drive.google.com/file/d/16Urj9QIpsT2oTNuUVVoD680sWDrvqj1k/view?usp=sharing,,https://drive.google.com/file/d/1z4kEQNzZzv5z97gg7Kp6L13T2QnTYkg7/view?usp=sharing,"3 jugadores inician un ataque contra una portería grande con el apoyo de 3 compañeros que ocuparán la base, los laterales y los fondos del área.
A ellos se enfrentan 3 defensores que intentan robar y transitar hacia dos porterías pequeñas.
* Los cambios de roles se pueden dar cuando el balón sale fuera o en un tiempo determinado."
Juego de progresión,Finalizar / Evitar Finalizar,3x3*,3vs3 + 3 en el área con portería y balón a la base para reiniciar,https://drive.google.com/file/d/1CKESug2V_zGV3ci3zqS3F0Lg9D8UNKDZ/view?usp=sharing,,https://drive.google.com/file/d/1SLgcaX_l2DKb7-9pqzCGvBRsa_06faLK/view?usp=sharing,"3 jugadores inician un ataque contra una portería grande con el apoyo de 3 compañeros que alternarán su posición en la base, los laterales y el fondo del área.
A ellos se enfrentan 3 defensores que intentan robar y transitar con un pase hacia los comodines que se desplazan a la base para reiniciar la jugada (hasta que no se desplacen los comodines a la base habrá que mantener la posesión y atraer así a los rivales)."
Juego de progresión,Progresar / Evitar Progresar,XxX,Circulación para filtrar,https://drive.google.com/file/d/1ovbvA45Rk0rMYMFg9BuWEIM2_iyMrPiN/view?usp=sharing,,https://drive.google.com/file/d/1tP_hZW11jky8E6HSWqJIULxzQBt7T2qX/view?usp=sharing,"Circulación de balón en la que dos líneas ofensivas de 4 se meten dentro de un rectángulo y tienen el objetivo de filtrar pases a la siguiente línea para que así llegue el balón al punta (en ese momento podrán entrar a defenderle) y pueda definir ante el portero. 
Las líneas defensivas hacen trabajo de basculación, salto y corrección. 
En cada tanda se amplían las posibilidades defensivas de la línea."
Juego de progresión,Progresar / Evitar Progresar,5x4,Cicrulación para filtrar entre línea defensiva + presión tras pérdida,https://drive.google.com/file/d/1YHhSSpH8xklXFpqp1umr29h_bLxvj4QS/view?usp=sharing,,https://drive.google.com/file/d/1iiMAY9Rpyi1UQkk9GFCXQYEk-zEAKu7N/view?usp=sharing,"Circulación de la línea de medios para filtrar al punta y trabajo de la línea defensiva para cerrar líneas de pase.
Si consiguen robar, tienen que intentar sacar la pelota a una de las porterías laterales o al entrenador.
El equipo atacante realiza una presión tras pérdida."
Juego de progresión,Progresar / Evitar Progresar,6x4,Cicrulación para filtrar y finalizar,https://drive.google.com/file/d/1Em2qE3z1itiUklGpfkWsUOk92aRXIixz/view?usp=sharing,,https://drive.google.com/file/d/19M8afo6l963QUNDLHFkn6fXKrOQIsW55/view?usp=sharing,"Trabajo de línea con finalización en porterías. Una  línea de 4 se enfrenta a otra, intentando filtrar el pase para que dos delanteros reciban el balón por detrás.
Si un delantero recibe el balón, debe combinar obligatoriamente con el otro para finalizar en portería. Ese lapso de tiempo es el que aprovecharán los defensas para recuperar la posición y evitar la finalización."
Juego de progresión,Progresar / Evitar Progresar,4x4*,4vs4 + 2 en zonas y finalización,https://drive.google.com/file/d/1TVfTAQU_irnS7B5WudYq0Fgazxd6NyFw/view?usp=sharing,,https://drive.google.com/file/d/1MXI8dr5SWRsF1FYR6_CSh3LkcN00VzYR/view?usp=sharing,"Trabajo de línea con finalización en porterías. Una  línea de 4 se enfrenta a otra (cada una en una franja), intentando filtrar el pase para que dos delanteros reciban el balón por detrás.
Si un delantero recibe el balón, debe combinar obligatoriamente con el otro para finalizar en portería. Ese lapso de tiempo es el que aprovecharán los defensas para recuperar la posición y evitar la finalización."
Juego de progresión,Progresar / Evitar Progresar,3x2,3vs2 avanzando líneas,https://drive.google.com/file/d/1DjzDHa75oCez2QjuVcWRFQKR9VoYQD7f/view?usp=sharing,,https://drive.google.com/file/d/1KXP4LUNU5HClWvzOqHSJgutNK0-bCtIq/view?usp=share_link,"Tres jugadores mueven el balón intentando conectar con un compañero que se sitúa a la espalda de los dos defensores.
Si lo consiguen, avanzan dos de ellos a la siguiente zona y continuan la progresión. 
Si hay robo, se cambian los roles los dos equipos."
Juego de progresión,Progresar / Evitar Progresar,4x2,Batalla de líneas,https://drive.google.com/file/d/1UJTC_7YJksAIHs_AQ4i7dbczSvofFL6j/view?usp=sharing,,https://drive.google.com/file/d/1EFopbLZFMPE80nUdMMXyhAhtlgRGBi1M/view?usp=sharing,"Los jugadores se divididen en tres filas horizontales y a su vez, en tríos colocados en columnas.
La tarea empieza con un miembro del trío (de los que están en los fondos) intentando filtrar el balón al otro. Mientras tanto, el que está entre ellos, intenta robar el balón (2vs1).
En una segunda ronda se juntan dos tríos (4vs2). En una tercera, tres (6vs3). Y en una cuarta, cuatro (8vs4).
* Cuando hay más de un defensor, se fomenta el salto a la presión y la corrección de la línea defensiva."
Juego de progresión,Progresar / Evitar Progresar,XxX,Avance progresivo por líneas,https://drive.google.com/file/d/1DEvtWAn2EQNrtjpoTD_Vvx45BwWfh6tP/view?usp=sharing,,https://drive.google.com/file/d/1OBPODhjYz_0uJDJ1N-hM-Fvf3liU63Ae/view?usp=sharing,"Un equipo iicia una salida de balón en zona de iniciación en superioridad numérica intentando avanzar a la siguiente zona en conducción o con un pase filtrado. Para ello podrán apoyarse con el portero o con los jugadores de la siguiente línea (si no pueden girarse, actúan como apoyos para dar continuidad a la jugada)
Si con una conducción o con un pase filtrado, un jugador consigue controlar en la siguiente zona, se incorporará a la misma el jugador que ha conducido o uno de los que estaba en posesión de balón, para hacer ahí otra superioridad numérica.
En la zona de creación se hará lo mismo y en la zona de finalización se intentará superar la línea defensiva en conducción o pase filtrado para finalizar en portería.
Si el equipo defensivo roba la pelota tiene que iniciar una transición ofensiva en la cual se olvidan las zonas y reglas de progresión.
Cuando acaba la jugada, se recuperan las posiciones e inicia el otro equipo."
Rondo,Mantener / Evitar Mantener,4x2,Rondo 4vs2 + 3,https://drive.google.com/file/d/1J9fLpsSN2c3L4l1hy416EZ4ML69unjaX/view?usp=sharing,,https://drive.google.com/file/d/1S98oBnq-_F5JvTCBABGMw2LUzuo78FI1/view?usp=sharing,Rondo 4x2 con 3 jugadores esperando en el cuadrado contiguo. Tras dar 3 pases se puede enviar el balón a dicho cuadrado.
Rondo,Mantener / Evitar Mantener,4x2,3 rondos 4vs2 + 2 móviles,https://drive.google.com/file/d/1EBHo6ygJ4AKbdxjr-MrIx1uwv3mSCvtH/view?usp=sharing,,https://drive.google.com/file/d/1bbBJt8t0JMWMmeRMnbpVvhY9rih-SlSm/view?usp=sharing,3 rondos 4vs2 con dos comodines que se van desplazando de un rondo a otro cada vez que tocan el balón.
Rondo,Mantener / Evitar Mantener,4x1,4 rondos juntos 1vs2 con 8 apoyos exteriores,https://drive.google.com/file/d/1YkSP-VvQXeZoYgxvQQNI4seujrBU0iKL/view?usp=sharing,,https://drive.google.com/file/d/1kHxXyFmSjLXFLrvjMz38dhMw6EcCfR77/view?usp=sharing,"4 rondos 1vs2 con 8 apoyos exteriores que se reparten y dan línea de pase a los dos balones para crear superioridad en todos los sitios.
Se hace una competicion a ver qué grupo acumula más robos.
* Se puede meter más de un balón."
Rondo,Mantener / Evitar Mantener,4x1,Rondos pentagonales con jugadores compartidos,https://drive.google.com/file/d/1TgrSxNfgNkq79E-qfUcKVhcwqW11gnVi/view?usp=sharing,,https://drive.google.com/file/d/1ylVyHCZWxdDJke9XexnwarbfUtl6FW31/view?usp=sharing,"Rondo en pentágonos con jugadores que 
comparten rondos y que estarán atentos a jugar a 
varios balones. Tras la pérdida, cambio de rol."
Rondo,Mantener / Evitar Mantener,XxX,Rondo circular con 3 apoyos por dentro,https://drive.google.com/file/d/1mh0GGuLdIjjRHmLVlqwWJaC-Ku0GnumE/view?usp=sharing,,https://drive.google.com/file/d/1AFrQrNj51SpZtpLs25DUemQpeoeQtffn/view?usp=sharing,"Rondo circular con tres apoyos interiores y tres jugadores
robando. Se juega a un toque y cuando se producen se
meten dentro a robar el que la ha perdido, el de su izquierda 
y el de su derecha."
Rondo,Mantener / Evitar Mantener,XxX,Rondo circular ,https://drive.google.com/file/d/1gERkMBnVy91CaDWvyYcT1e0VcahmX5cI/view?usp=sharing,,https://drive.google.com/file/d/1aw3T12NJuWsuZ4ZmujgcD7sI4MxZi3_x/view?usp=sharing,"Rondo circular con movimiento de los de fuera. Los  jugadores exteriores van rotando hacia un lado cada vez que cualquier compañero da un pase. Cuando se produce la pérdida, el que ha dado el pase y los que estaban a cada lado, se meten a robar."
Rondo,Mantener / Evitar Mantener,4x2,Rondo 4vs2 por parejas,https://drive.google.com/file/d/1hzSLdB3iFYQvg1uo_cXCxbvT6QlNgStd/view?usp=sharing,,https://drive.google.com/file/d/1CC6zdkahMS15GbsdmQYN2n0It4y9wWcJ/view?usp=sharing,Rondo 4vs2 por parejas en el que la pareja que pierde pasa a robar.
Rondo,Mantener / Evitar Mantener,6x2,Rondo 6vs2 sin pase horizontal,https://drive.google.com/file/d/1KqN4786Z4O2PykBQ5ayUG5SRyXW_Dfo5/view?usp=sharing,,https://drive.google.com/file/d/12qNK1iT_-BFFLrxxNJWjfvuzpkwB4S_t/view?usp=sharing,"Rondo 6vs2 en el que los jugadores que comparten el lado largo del rectángulo no pueden jugar entre ellos.

* Se puede limitar a que no repitan pase.

** Se puede establecer parejas y siempre robas con el mismo."
Rondo,Mantener / Evitar Mantener,6x2,Rondo 4+2 vs 2,https://drive.google.com/file/d/1WohYzGv3vJMV_Wm0VyRdsEOpejVp3ZdP/view?usp=sharing,,https://drive.google.com/file/d/1ASrnQ5u52M0NZDVtGkdbJcvYUuWJUtXq/view?usp=sharing,"Rondo 4 equipos de 2, mantenimiento y cambio de roles tras robo rapido, los dos equipos mantienen balon y otro equipo espera en lado alejado cuadrado opuesto, tras robo equipo pierde pelota pasa a robar el otro equipo pasa a apoyos y el que ha robado espera en lado lejano"
Rondo,Mantener / Evitar Mantener,3x1,Rondo 2vs1 +1 con 2vs1 esperando,https://drive.google.com/file/d/1w8ix2xsnqVSED5R-BSOVYSRwZ-tGyJJT/view?usp=sharing,,https://drive.google.com/file/d/1Kwyn3PhFwEceHx7W-k7NFeo8hziy5zxV/view?usp=sharing,"Rondo en dos cuadrados unidos en el que dos jugadores más un comodín intentan mantener el balón ante un defensor.
En cualquier momento de la tarea pueden enviar el balón al otro cuadrado siempre y cuando no la intercepte el defensor del mismo.
*Posibilidad de entrar a robar por parejas."
Rondo,Mantener / Evitar Mantener,5x2,Competición de rondos con progreso tras 5 pases,https://drive.google.com/file/d/1KsaO9O07aJKnsPy90wh2q3ezh_-O2cQi/view?usp=sharing,,https://drive.google.com/file/d/1x6iufy3kowvfAR0IG5WPtUZvqrHMwLED/view?usp=sharing,"Competición de rondos en el que dos equipos tienen que acumular 5 pases para conseguir avanzar a la siguiente zona. Cuando llegan a la tercera, el objetivo es anotar en la miniportería o dar 10 pases.
* Posibilidad de descender tras 1/2 robos."
Rondo,Mantener / Evitar Mantener,3x1,Rondos en cuatro triángulos contiguos,https://drive.google.com/file/d/12p1D3jpVY85Gfa5vuwr5PeAH6DhJUI4o/view?usp=sharing,,https://drive.google.com/file/d/1Ih-ABOzsJVNoVFQuEcGmhE1nNSU9jv5N/view?usp=sharing,"Rondo en tríos jugado en 4 triángulos contiguos.
Se inicia el rondo en un triángulo de los de fuera y ahí se juega un 3vs1. Los jugadores pueden contactar entre ellos o con los otros triángulos. Si la sacan del triángulo en el que están, rápidamente se debe ajustar la situación para que estén 3 jugadores del equipo en posesión y uno del equipo defensor.
En el triángulo central siempre están los dos jugadores que no han entrado a robar y un jugador de cada equipo de los que están esperando.
Si hay robo, se cambia rápido de roles."
Rondo,Mantener / Evitar Mantener,4x2,Rondo 4vs2 en dos direcciones,https://drive.google.com/file/d/1RpN3b0LWNSncSK1QjMZiFSi8d0SEHTcD/view?usp=sharing,,https://drive.google.com/file/d/17Cbe-1QzZJUc9xaXVN3FShF6qjn1fM6L/view?usp=sharing,"4 jugadores inician un mantenimiento de balón contra dos defensores con la posibildad de enviar el balón al rectángulo contiguo.

Si lo consiguen o si necesitan para hacerlo, los jugadores de los laterales pueden avanzar para recibir ahí el pase.

Si los jugadores que han iniciando defendiendo roban la pelota, inician una posesión 4vs2 contra los dos jugadores interiores.

Cada 5 pases que consigan dar, se une un defensor exterior."
Rondo,Mantener / Evitar Mantener,6x2,Rondo 6vs2+2,https://drive.google.com/file/d/1uQHaeuIyeLfrXQ31MnECqEK6iH6VsiAY/view?usp=sharing,,https://drive.google.com/file/d/1fLsvWMsif0dwVVneBYzKoRARVpCep2cP/view?usp=sharing,Rondo 6vs2 + 2 en el cual se acumulan 7 pases en un rectángulo para poder enviar el balón a los alejados.
Rondo,Mantener / Evitar Mantener,6x2,Rondo 6vs2/3 + 3 esperando,https://drive.google.com/file/d/1Emy4Ok8O5Q61w6IB2LY7Ax6R4GKO88y3/view?usp=sharing,,https://drive.google.com/file/d/1_p3c-jSXYbYEhQ19KTbeTV2Jhc2UjEx6/view?usp=sharing,"Rondo que inicia en un 6vs2 en el rectángulo pequeño. Los poseedores del balón pueden mandar el balón al otro rectángulo tras 5 pases. Si el tercer jugador del equipo defensor entra a robar, entonces los atacantes pueden utilizar el rectángulo grande y enviar el balón en cualquier momento.
Tras robo se cambian los roles el trío que ha perdio y el que ha robado, y se inicia en el otro lado del campo."
Rondo,Mantener / Evitar Mantener,3x3*,Rondo 3vs3 + 3y1,https://drive.google.com/file/d/1YbfcCiQuZDaneYY3_AU6j--Yf_4kkzEd/view?usp=sharing,,https://drive.google.com/file/d/1YVJH9Nrl0Ql1upqlBdzAgc3-o8eJJ4u3/view?usp=sharing,"Rondo de 3 equipos de 3 con un comodín en el que 3 jugadores inician una posesión con el apoyo de un comodín y 3 jugadores de otro equipo (con dos alejados y uno intermedio) ante la oposición del tercer equipo de 3 jugadores.

Si se contacta con los jugadores del cuadrado contiguo, todos los jugadores ofensivos tienen que activarse para ser apoyos.

Los que defienden tienen que intentar robar y llevarla a la zona libre."
Rondo,Mantener / Evitar Mantener,5x2,Rondo 5vs2 +-2,https://drive.google.com/file/d/1YD1o-juwxws1pf38qx5Q2vUBb817Cq3H/view?usp=sharing,,https://drive.google.com/file/d/1sYyI6_fOxVHPEgyMeXSeA2eTiun0ImkZ/view?usp=sharing,"Rondo 5vs2 en el cual si hay robo se produce un intento de transición y contacto con los dos delanteros del mismo rondo para que definan ante el portero (los que han perdido el balón realizan presión tras pérdida).
Si el equipo que inicia con posesión logra dar 10 pases intenta contactar con los delanteros del rondo contrario."
Rondo,Mantener / Evitar Mantener,5x2,Rondo con finalización en ataque combinativo o transición,https://drive.google.com/file/d/1lwZUMniRFf-E8y2zwl5-b7yo8uzk7pAz/view?usp=sharing,,https://drive.google.com/file/d/179UvoHKy5bLQLeZUhfW1tMee2Y8Uab8w/view?usp=sharing,"Rondo en el cual si los atacantes consiguen dar 7 pases pueden salir a atacar a los dos jugadores que esperaban el robo y a los dos que estaban intentado robar (una vez que los atacantes salen del rondo, tienen que ir a tocar una pica y sumarse a la defensa).
Si se produjera el robo antes de los 7 pases, los que han robado tienen que contactar con los 2 jugadores que están esperando para que estos finalicen."
Rondo,Mantener / Evitar Mantener,5x2,Rondo 5vs2 con porterías en los laterales,https://drive.google.com/file/d/1pnrPaqp7tRsv9ELiv0aOmA98SpCW-PAB/view?usp=sharing,,https://drive.google.com/file/d/13YO1f0RXG1-CYaDp35mxHEa200SO7vzC/view?usp=sharing,"Rondos 5vs2 o 4vs2 en los que los jugadores que
roban tienen que intentar anotar en una de las
porterías que hay alrededor. Los jugadores que
pierden tienen que conseguir que la pelota no salga
de su rectángulo de juego y para ello se activan en la 
presión tras pérdida."
Rondo,Mantener / Evitar Mantener,4x2,Rondo 4vs2 con miniporterías en esquinas,https://drive.google.com/file/d/1H-cClHLjgd4BDzIG8vpTdih_i-wrts08/view?usp=sharing,,https://drive.google.com/file/d/1BSg_P-lFyLqRx9V7xoVds1i9SneCIak0/view?usp=sharing,"Rondo 4vs2 en los cuales los jugadores que roban
tienen que intentar anotar en miniporterías. Si lo
consiguen, saldrán fuera. Si no, tendrán que robar
una segunda vez para obtener un robo. Los que
pierden, transición defensiva para evitarlo."
Rondo,Mantener / Evitar Mantener,4x3,Rondo 4vs3 +2,https://drive.google.com/file/d/1iMj1VkmGH1BoZrnKLd8a67nwlKS4HC08/view?usp=sharing,,https://drive.google.com/file/d/1oL3fl1Y3DFFi-6IyavTCFZDDXyTzEwsr/view?usp=sharing,"Rondo 4vs3+2 comodines exteriores. Tras robo se
juega a la otra parte del rectángulo bien sea con el
jugador que permanece descolgado o con los
comodines exteriores."
Rondo,Mantener / Evitar Mantener,6x2,Competición 6vs2 con 2 esperando,https://drive.google.com/file/d/1xwOcDIsOXXtspeFlUwGW5NhWvXdmthkn/view?usp=sharing,,https://drive.google.com/file/d/1yAtL9-bV6VHpWuIQ385SGeZxfTrEz5eL/view?usp=sharing,"Competiciones de rondos 6vs2 con 2 jugadores esperando. Se juegan 6 balones y se cuenta el tiempo que se tarda en enviar fuera del rectángulo todos ellos.
Si el equipo que defiende logra anotar en una de las miniporterías se elimina un balón.
*Si el equipo que ha perdido la pelota la recupera antes de que el balón salga del cuadrado, sigue en su posesión.
**Tras cada balón robado entran otros dos jugadores a  presionar."
Rondo,Mantener / Evitar Mantener,4x2,Rondo 4vs2 - 2 y porterías pequeñas,https://drive.google.com/file/d/1ZLGsB4XOQ_yxiO4eF8tQWNRFCasrE9s4/view?usp=sharing,,https://drive.google.com/file/d/1qjLfXcYT_NCq7Rj2H9m_vVe_pyAsNfo0/view?usp=sharing,Rondo táctico con estructura de rombo en el equipo ofensivo y dos defensores que cuando roben la pelota tendrán oportunidad de transitar hacia adelante o hacia atrás con sendos compañeros o bien intentar finalizar en porterías pequeñas.
Rondo,Mantener / Evitar Mantener,4x2,Rondo 2vs2 +-2,https://drive.google.com/file/d/19OW9vAjR5WuZtQ8vVqWcHsbe14AwbDcS/view?usp=sharing,,https://drive.google.com/file/d/15chVuGR9zoCWBcIB-4GKzh7k0LIBnosS/view?usp=sharing,"Rondo en el que el equipo que inicia con pelota tiene el apoyo de 2 jugadores exteriores para tratar de mantener el balón.
El equipo que inicia defendiendo tiene la opción de transitar lanzando hacia las 4 miniporterías o dando un pase previo de seguridad con los 2 jugadores que están esperando."
Rondo,Mantener / Evitar Mantener,XxX,Rondo 10vs4,https://drive.google.com/file/d/13fKLcyh0cd2tZJp0s18z2U9qP42eU7UM/view?usp=sharing,,https://drive.google.com/file/d/1_2Q_pz7UBNYjISt7lerIT5hKa4VUnAj_/view?usp=sharing,"Rondo posicional en el que 4 jugadores intentan robar la pelota y escapar del rectángulo por cualquiera de los 4 lados ya sea con una conducción o con un pase. Los jugadores que han perdido tienen que realizar una presión tras pérdida para evitarlo.

Robo sin salir: Se van dos de los cuatro que roban.

Robo saliendo: Se van los 4.

10 pases: Viaje extra"
Rondo,Mantener / Evitar Mantener,4x2,Rondo 4vs2 y 4vs6,https://drive.google.com/file/d/19tCX2pAs_yrr-e941eKeYBWc-pCjtgJC/view?usp=sharing,,https://drive.google.com/file/d/1v388xhtppxDi8Lue9eSLtVMNRwsMAoc5/view?usp=sharing,"Rondo 4vs2 en el cual los dos que defienden tienen que robar la pelota y después contactar con sus cuatro compañeros de fuera para jugar una posesión 4vs6 (sin espacio intermedio) que se deshará cuando los que están en inferioridad, roben. Los que inician la acción con balón tienen que aplicarse en la presión tras pérdida para que los compañeros no saquen la pelota fuera."
Rondo,Mantener / Evitar Mantener,5x3,2 rondos 3vs2 + 2 -1,https://drive.google.com/file/d/1QV6WN_mZ5d0gn1nyPXBFxSwki3D6wXHZ/view?usp=sharing,,https://drive.google.com/file/d/1ZCQMmAqL7s_kCVuqt_xQdk4sOG2Gqh1R/view?usp=sharing,"2 Rondos 3vs2 conectados entre sí con 1 jugador intermedio que facilita el cambio de lado y da continuidad a la posesión. Uno de los dos jugadores defensivos y otro ofensivo que no están en la zona de balón, se meten en la zona central para acompañar al jugador intermedio."
Rondo,Mantener / Evitar Mantener,4x2,Rondo 4vs2 y 4vs4 +2,https://drive.google.com/file/d/1wmLBcxosL36pyr3WmCtB8LF2qA-xMWeA/view?usp=sharing,,https://drive.google.com/file/d/1a5v8ULOEj-ola5BcvOznm9CnscV3Gj4Y/view?usp=sharing,"Rondo 4vs2 que se convierte en un 6vs4 cuando los dos jugadores que estaban robando sacan el balón a sus cuatro compañeros del rectángulo externo.
En ese momento ellos siguen estando en el cuadrado en el que se desarrollaba el rondo y actúan como apoyos interiores.
Los 4 jugadores que han perdido el balón, intentan recuperar el balón y dar un pase (momento en el que desactivan a los 4 jugadores exteriores que tenían el balón)."
Rondo,Mantener / Evitar Mantener,4x2,Rondo 4vs2 y 4vs4 +2 con miniporterías,https://drive.google.com/file/d/1CCWGpfYShbRiH5vN7n31St3Gu_K7_AH3/view?usp=sharing,,https://drive.google.com/file/d/1mKTs0X4B2zC56S50PdjjmflsSeM0tYf3/view?usp=sharing,"Rondo 4vs2 que se convierte en un 6vs4 cuando los dos jugadores que estaban robando sacan el balón a sus cuatro compañeros del rectángulo externo.
En ese momento ellos siguen estando en el cuadrado en el que se desarrollaba el rondo y actúan como apoyos interiores. Los 4 jugadores que han perdido el balón, intentan recuperar el balón y anotar en la miniporterías que hay fuera del rectángulo grande."
Rondo,Mantener / Evitar Mantener,6x3,Rondo 6vs3 +1 con transición a distintas porterías,https://drive.google.com/file/d/11qb7KdDb-NHLx6nVhQ8NK8E0WUGDv6QP/view?usp=sharing,,https://drive.google.com/file/d/1wW_p6ToOve7GguQILHPoRrpSBmtj80Pc/view?usp=sharing,"Rondos con finalización tras robo o salida a la contra.
Un equipo mantiene la posesión en sistema 34 y 3 jugadores intentan robar la pelota.
Cuando lo hagan, tratarán de montar un contra hacia las porterías pequeñas o hacia la grande. El equipo que ha perdido el balón tendrá que realizar una transición defensiva para evitar el gol."
Rondo,Mantener / Evitar Mantener,XxX,Rondo en 433 transformable,https://drive.google.com/file/d/1lhPgUWd3hZ5nm9sejLpYdSOyzmQX6e-K/view?usp=sharing,,https://drive.google.com/file/d/1Bz9-onE8DZ6rQm7uK2hDWV8NxHppTFMz/view?usp=sharing,"Rondo posicional en el que un equipo dispuesto en 433, se enfrenta a 6 defensores que intentan hacerse con la pelota y dar 3 pases seguidos o sacar la pelota a los compañeros que esperan para dar relevo o apoyo.
Si lo consiguen, los equipos cambian de roles.
El equipo en 433 transforma a 3421 cuando la pelota entra en los cuadrados de adelante."
Rondo,Mantener / Evitar Mantener,4x4*,Rondo 8vs4 con porterías dentro y fuera,https://drive.google.com/file/d/1CgoYfy90AEgR_Qvol5f9H1sky0oTooQa/view?usp=sharing,,https://drive.google.com/file/d/1mGUnT8icg8DPUsVPb0jWEKKftCGJlBmm/view?usp=sharing,"Rondo de 3 equipos de 4 dividido en cuatro zonas en el que el equipo defensor tiene que intentar hacerse con el balón y anotar en cualquiera de las miniporterías o dar 3 pases seguidos.
Para robar pueden entrar 2 personas en la zona de balón.
Los jugadores que han perdido la posesión tienen que intentar evitarlo y si no, pasará a robar el equipo del que la ha perdido.
Los jugadores que tienen la pelota tienen que moverse para garantizar el 4vs2 en la zona de balón."
Rondo,Mantener / Evitar Mantener,XxX,"Rondo 10vs1,2,3... con finalización en porterías",https://drive.google.com/file/d/1-7xu_X39dqh9DVm65n_sixDfasUIWfJ8/view?usp=sharing,,https://drive.google.com/file/d/1EUaRaewfj7JMqTS-ZY_BmCB8rUAO7rt9/view?usp=sharing,10 jugadores realizan un rondo contra un número de defensores que crece a medida que van acumulando pases (cada pases entra uno). Si logran dar 20 pases pueden meter gol y si roban los defensores pueden meter gol (ambos equipos en cualquiera de las porterías).
Rondo,Mantener / Evitar Mantener,5x2,Rondo con intento de falta tras pérdida,https://drive.google.com/file/d/1YLLr1qWbttYpv_vLBPHBQcdsb2MqVleC/view?usp=sharing,,https://drive.google.com/file/d/1CV1lxcFya65fTJy5w1IZ9Ce5kxXTFNaV/view?usp=sharing,"Se inicia un rondo en el que cuando los jugadores que han robado el balón intentarán escapar del rectángulo de juegos sin ser pillados por el jugador que ha perdido el balón y por el que se lo había pasado. Si esto se consigue, se cambian roles. Si alguno es pillado, sigue robando.
*Posible variante: los que roban tienen que escapar del rectángulo sin ser pillados por 2 personas."
Rondo,Mantener / Evitar Mantener,6x2,Rondo 6vs2 con uno dentro,https://drive.google.com/file/d/1aZ7voe5MECB5I9PARIzs8i88CMPzj0Qv/view?usp=sharing,,https://drive.google.com/file/d/1MPvMKXUgsVx5RdxBNRgaCw6ltbnuHw5J/view?usp=sharing,"Rondo 6vs2 en el que uno de los poseedores del balón se coloca por dentro e intenta recibir el pase filtrado. Si consigue llevarla al otro lado del rondo, los que están robando acumulan un viaje."
Rondo,Mantener / Evitar Mantener,5x2,Rondo 4vs2 + 1 interior,https://drive.google.com/file/d/1Oih-7gjWu2NjqgZNIXPFr1NOPgzUT0ui/view?usp=sharing,,https://drive.google.com/file/d/11TZFfZUhtF1bkiD9FSYiH9ABhScNEZUF/view?usp=sharing,"Rondo 5vs2 con un jugador dentro de un cuadrado interior y otros cuatro en vértices de un rectángulo exterior. Se busca incidir en la búsqueda del tercer hombre de tal forma que si nos tapan el pase interior, se contacta con los de fuera para que la dejen de cara."
Rondo,Mantener / Evitar Mantener,5x3,Rondo 4vs3 + 1 interior,https://drive.google.com/file/d/1dRxBnj-4C3SUWp00gxqqXwLoMqB8ww1n/view?usp=sharing,,https://drive.google.com/file/d/1jxztobwZ5cLsHIImlrhJg_3vpI65pT7w/view?usp=sharing,"Rondo 5vs3 con un jugador en el centro de un rombo y otros cuatro en los lados. Se busca incidir en la búsqueda del tercer hombre de tal forma que si nos tapan el pase interior, se contacta con los de fuera para que la dejen de cara."
Rondo,Mantener / Evitar Mantener,4x1,Rondo 4vs1 +1 con cambio de zonas,https://drive.google.com/file/d/1wl5QZfnfqCf31OlUm9YYo6EYnLRtdsVF/view?usp=sharing,,https://drive.google.com/file/d/1FjE8kj9Fc9fHH1Teri8imJqApmt69eHS/view?usp=sharing,"Rondo 5vs1 en el cual 4 jugadores están un rectángulo jugando contra un defensor. Cuando quieran los atacantes, envían un balón al hombre que espera en el otro lado. En ese momento, los cercanos
se acercan para ser apoyos y los lejanos adelantan la línea.
Si hay robo, se cambian de roles."
Rondo,Mantener / Evitar Mantener,5x2,Rondo 5vs2 con cambio de zonas,https://drive.google.com/file/d/1fOmlc1SEGSX2PS3r5ot71hXJIlifDAuw/view?usp=sharing,,https://drive.google.com/file/d/1rNRXPVMrt6pIVKFO0dLkLAu5_oVicLAd/view?usp=sharing,"Rondo 5vs2 en el con 2 esperando en la base del cuadrado contiguo.
Si se juega con ellos, el jugador que estaba en el lado común del cuadrado tiene que desmarcarse al lado que quiera para dar línea de pase y los dos jugadores que estaban en el lateral, tienen que ocupar el lado que queda vacío y el lado común de los cuadrados.
*Posibilidad de jugar a un toque cuando el balón cambia de cuadrado para forzar la rápida aparición del desmarque y completar el tercer hombre."
Rondo,Mantener / Evitar Mantener,4x2,Rondo 4vs2  + 4vs1,https://drive.google.com/file/d/1vdS6zpJ7B_k6R90JMhEdcAMotkqZ0Ejq/view?usp=sharing,,https://drive.google.com/file/d/1T3joxLXKdvTxQRwJujYQRDNqSEBYdSbO/view?usp=sharing,"Rondo 4vs2 con otro defensor esperando en una zona intermedia y un grupo de 4vs1 esperando en un rectángulo contiguo.
Ese grupo de 4 espera el pase de un rondo a otro o aparece a los lados del defensor de la zona intermedia.
Si se produce un pase de un rectángulo a otro, el equipo que lo ha enviado tiene que ofrecerse a los lados del defensor para recibir el balón y volver a meterlo en el rondo.
Si se contacta con el jugador que apoya en zona intermedia, este decidirá si tiene opción de girar el balón de lado o si necesita jugar de cara con algún jugador del rondo del que viene el balón.
El equipo defensor tiene que intentar finalizar en la miniportería y si lo consigue, cambia de rol con el equipo que ha perdido el balón (que hará una presión tras pérdida para evitarlo). Si no lo consiguen irán a robar al rondo contrario (tras tres robos sin anotar gol, se cambia el rol)."
Rondo,Mantener / Evitar Mantener,5x2,5vs2+3 o 5vs4+1,https://drive.google.com/file/d/1wr28StmYWaxgdZEvkYTAYYGEs4hgHq17/view?usp=sharing,,https://drive.google.com/file/d/1fOEnzL-E-VtNiJ5l-9LEXWX-zsxia0AQ/view?usp=sharing,"Rondo 5vs5 en la que se recrea la salida de balón de 4 defensas y un pivote vs una línea de presión de 2 delanteros y 3 centrocampistas (que permanecen defendiendo la zona a atravesar).
Se puede avanzar a la siguiente zona con una conducción o con un pase filtrado a un jugador que se desmarca.
Tras 5 robos, se cambian los roles. En ese momento se recrearía un ataque de 4 centrocampistas y un delantero vs una defensa de 4 defensas y un mediocentro."
Rondo,Mantener / Evitar Mantener,5x2,Rondo 5vs2 con 3 esperando,https://drive.google.com/file/d/1lDYgXmAx-z7avK75sgirwJFxQnoDa0Cw/view?usp=sharing,,https://drive.google.com/file/d/1x32ht0RvM380ikaQfABEGTSUN1Jy-esZ/view?usp=sharing,"Rondo 5vs2 en el cual si los defensores roban la
pelota tienen que intentar mandarla al rondo en el
que se encuentran sus compañeros de equipo. Si lo
consiguen, dos jugadores del equipo que ha perdido
la pelota tendrán que ir a robar y los dos que la han
robado pasarán a ser apoyo. Para evitarlo, el equipo
que ha perdido el balón, realizará una presión tras 
pérdida."
Rondo,Mantener / Evitar Mantener,4x2,Rondo con finalización en portería por éxito o fracaso,https://drive.google.com/file/d/1kRARvNdHw_PQc5blBq0a_daQGrlpSUPv/view?usp=sharing,,https://drive.google.com/file/d/1f0nDV7UUVA1IL-fhyZ4f9cW-lOnvKF98/view?usp=sharing,"Rondo 4vs2 con portería en medio y finalización tras
robo o 5 pases. Un grupo inicia un rondo contra sus
defensores. Si los atacantes consiguen dar 5 pases,
podrán finalizar en portería. Si además hacen gol,
volverán a iniciar la posesión (si fallan el disparo, se
empieza en el otro lado). Si los defensores roban la
pelota, pueden finalizar ellos en la portería (si anotan,
empiezan ellos posesión, si no, dan el balón al otro 
lado)."
Rondo,Mantener / Evitar Mantener,5x2,Rondos móviles 5 o 4 vs2 ,https://drive.google.com/file/d/1O4d8I-klAIDRFvIm391SfVGTbc1ulpLO/view?usp=sharing,,https://drive.google.com/file/d/1JX9WblgMdB141GmaRxDmb6uJUv0z4Voh/view?usp=sharing,"Rondos móviles. Se juegan dos rondos simultáneos y
otro grupo está realizando pases hasta que los
jugadores que pierden la pelota en un rondo se
desplazan hasta el rondo que está sin defensores
para intentar robar allí el balón."
Rondo,Mantener / Evitar Mantener,XxX,Competición robos 10 vs 2,https://drive.google.com/file/d/1qWFkWjTxTa62uj59ty9j61dV3cBQcZc_/view?usp=sharing,,https://drive.google.com/file/d/1T1stvGkaTMyBQ6wgsHBD_hVqhrkqtIiu/view?usp=sharing,"Competición de rondos. 2 jugadores de un equipo entran a robar y dejan de hacerlo cuando consiguen sacar el balón del rectángulo o cuando se cansan. En ese momento entran otros de su mismo equipo a robar. A los dos minutos se cuenta el número de robos totales (tras cada robo se devuelve el balón a los poseedores)  y el equipo que ha perdido realiza 10 flexiones.
* El equipo poseedor tiene un toque."
Rondo,Mantener / Evitar Mantener,XxX,Rondos transformables,https://drive.google.com/file/d/1_JSO0rXwtUGi2bQ5Yf7p_Vn92vldKiOM/view?usp=sharing,,https://drive.google.com/file/d/1hp9ybFrPQ8wEw5G13LzJyW7Z0XgR6Pug/view?usp=sharing,"Competición de rondos que se transforman. Dos
defensores entran a defender a 7 jugadores que
juegan a un toque. Cuando consiguen sacar el balón
cada uno de los defensores se desplaza a los rondos
que hay a cada lado y en el que espera un rival más
otros dos que vendrán del rectángulo central.
Entonces se juega un 3vs1. Cuando los dos roban el
balón, otros dos compañeros incian la ronda.
* Se calcula el tiempo que tardan en participar todos
los jugadores del equipo defensor."
Rondo,Mantener / Evitar Mantener,XxX,Rondos simultáneos y con relevos,https://drive.google.com/file/d/1bJ61k8s2VHNIeQuC1rs1IpQSaOMsQRel/view?usp=sharing,,https://drive.google.com/file/d/17ruWrdEkBetaspPgTBIUdKvpxAZtXvZY/view?usp=sharing,"Competición de robo en distintos rombos en el que un equipo mantendrá la posesión en tres rondos distintos y los defensores tendrán que robar en todos los rondos para que se acabe su tiempo de participación y se calcule qué equipo ha tardado menos en recuperar (habrá una tanda extra para el perdedor).
En un rondo se juega un 5vs2 y en los otros dos 3vs1."
Rondo,Mantener / Evitar Mantener,4x1,Rondos con ascensos y descensos de los robadores,https://drive.google.com/file/d/1sHZsJm8_sHBinwk_4b7yEniCPWWmSFCA/view?usp=sharing,,https://drive.google.com/file/d/1DunVzkmW7bqpwqoBjHY7L4NoghibdRSj/view?usp=sharing,"Tres rondos en los que los defensores ascienden de rondo cuando roban un balón y descienden cuando les dan 7 pases. El resto de ladrones tiene que estar atento porque su posición en los rondos variará. Cuando un ""ladrón"" termina exitósamente su misión en el tercer rondo, se incorpora un jugador nuevo a la rueda."
Rondo,Mantener / Evitar Mantener,2x1,Rondo de 4 rectángulos 2vs1,https://drive.google.com/file/d/1aIfepPoXHslEpo_m4JKshuhVMTfGGuLV/view?usp=sharing,,https://drive.google.com/file/d/1q8mQoE6_iIR6Pz2IfUtBTgk3CaqynkMB/view?usp=sharing,4 jugadores intentan robar la pelota a dos grupos de 4 jugadores que se distribuyen en parejas en cada uno de los 4 rectángulos. Si lo consiguen se cambian de roles.
Estructuras de pases,Técnica individidual,X,Estrella doble,https://drive.google.com/file/d/1RblBUiJKZC3rp4HeYx2FtMXXHTBNxlVK/view?usp=sharing,,https://drive.google.com/file/d/1RqVrLVrIAed1h3mkzNnji71Cl40S9f6R/view?usp=sharing,"Rueda de pase simple en la que el balón y el jugador van de dentro a fuera y viceversa, ocupando el espacio dejado por el compañero al que le va la pelota.
Se juega con dos balones a la vez.
*Una persona puede mandar cambio de sentido y hay que ajustar rápido el movimiento."
Estructuras de pases,Técnica individidual,X,Rueda de 3 pases y movimientos,https://drive.google.com/file/d/14WH4F-hCINReY5wrVrMot-zV35y0-cnD/view?usp=sharing,,https://drive.google.com/file/d/1bCccVT4eYAfWyK0eiFuaU9fDpqyHl3wI/view?usp=sharing,"Rueda de pase y movimiento. Una fila de jugadores
va entrando a una secuencia de pase y devolución
con un compañero que se encuentra enfrente y otros
dos que se hallan a los lados. Tras cada combinación
se realiza un desmarque para dar otro apoyo."
Estructuras de pases,Técnica individidual,X,Técnica colectiva en triángulos,https://drive.google.com/file/d/1tWALqodNq0j7zNp497pPrpwnP90ATYzy/view?usp=sharing,,https://drive.google.com/file/d/1SRrP3RpsIFzSv0NX6EKBNIPjVbPrI1ut/view?usp=sharing,Técnica colectiva en la que se busca la asociación en pequeños triángulos que posteriormente se conectan para ampliar el radio de acción en el campo.
Estructuras de pases,Técnica individidual,X,"Rueda de pase, acoso y control orientado",https://drive.google.com/file/d/1s-3emiYOSJs4pTarJLpzzNIqPa8mbLLp/view?usp=sharing,,https://drive.google.com/file/d/1dx_zNFBBbnaF-sjNdLvlG3tf5xg14fI0/view?usp=sharing,"Rueda de control orientado y pase hacia un lado.
Tras ello el que ha dado el pase vuelve a su fila y el
que estaba enfrente de la persona que va a recibir el
balón sale a presionarle (presentándose sin robar)."
Estructuras de pases,Técnica individidual,6,Rueda de pase para distintas paredes,https://drive.google.com/file/d/1PKbiYBJYwPvO8ubn6v6CmS2pamVJyt17/view?usp=sharing,,https://drive.google.com/file/d/1nlJpiw9zfkGFW50bHGES1jV4wTM_TB8w/view?usp=sharing,Rueda de pase con pared provocada con una conducción que fija al rival y con pared a la primera. Para darle realismo se realizan acosos al receptor del balón.
Estructuras de pases,Técnica individidual,3,"Finta, desmarque y pase",https://drive.google.com/file/d/1L6Q5C-i5DXbYQze76g5fzPEJQWqnmQH1/view?usp=sharing,,https://drive.google.com/file/d/10nVinxG0mYhKBNgzRHgU34hKARw88Uav/view?usp=sharing,Un jugador es defendido cara a cara por un compañero y a espaldas del defensor se situa un tercer jugador que es el que enviará el pase cuando se produzca un desmarque tras realizar una finta que le permita ganar el espacio necesario para recibir el balón y lanzar a una miniportería.
Estructuras de pases,Automatización de movimientos,X,Creación y ocupación de espacios con desmarques de apoyo y ruptura,https://drive.google.com/file/d/1c8p3wuvwU6UnrPSpcgMFgcF1dfqNMq75/view?usp=sharing,,https://drive.google.com/file/d/1SqyrVWFZTD0DKcP7gDmph_LicHu9qY1c/view?usp=sharing,"Tres jugadores cubiertos por sendos maniquíes realizan movimientos combinados de desmarque de apoyo hasta que uno de esos movimientos, que genera un espacio, es aprovechado por otro movimiento de ruptura que recibe el pase al espacio."
Estructuras de pases,Técnica individidual,4,Girarse ante el balón que me supera,https://drive.google.com/file/d/1eFFmV_Njj4jOndqkLUN8mvxMZY5LbgUc/view?usp=sharing,,https://drive.google.com/file/d/1YwkgIHZAsWRgSaxnNpetVtEWdLn0yuir/view?usp=sharing,"Rueda de pases en la que un jugador exterior va combinando con los interiores hasta un punto en el que decide jugar con el otro jugador exterior. En ese momento, los dos jugadores tienen que girarse para aparecer como terceros hombres / coger la caída."
Estructuras de pases,Automatización de movimientos,X,Avance por grupos buscando tercer hombre,https://drive.google.com/file/d/1ryWrNBwNgi8K4R47nbhpNoRy4XqDwmHB/view?usp=sharing,,https://drive.google.com/file/d/1rkaoqQ7URB-2yv2Iif7WguzyIDiff_R9/view?usp=sharing,"Rueda de pase de búsqueda de tercer hombre y combinación de pase corto y pase largo. Se debe jugar con el compañero que realice un apoyo a tiempo.
Si no hay nadie preparado, se realiza una circulación con los miembros de la misma línea."
Estructuras de pases,Técnica individidual,X,Rueda de pase en Y,https://drive.google.com/file/d/1ZqGC9AI1mK99i7M_1NcksmS31zm_1uB1/view?usp=sharing,,https://drive.google.com/file/d/1r2-SyJpp16sfCe3yKH7moTuOMEILZk7U/view?usp=sharing,Combinación de pases entre jugadores en Y con pase en corto y aparición de tercer hombre tras golpeo en diagonal.
Estructuras de pases,Técnica individidual,X,Técnica colectiva en rectángulos concéntricos,https://drive.google.com/file/d/1G0AgCqmh_sPqg0yxjnMSGPp45e1vsNTP/view?usp=sharing,,https://drive.google.com/file/d/1d9zQW1NTgHE0f7M_hHHk4XJV0YKl1uMr/view?usp=sharing,Técnica colectiva en la que el balón se juega de fuera a dentro para que haya una dejada de cara y una posterior apertura al exterior. Los jugadores ocupan el lugar al que pasan la pelota.
Estructuras de pases,Técnica individidual,X,Técnica colectiva doble en rectángulos concéntricos ,https://drive.google.com/file/d/1_EuPcAI3cva0zwFi3dCfjV1uZOoYDZrC/view?usp=sharing,,https://drive.google.com/file/d/19mQyj1CiJGRrpt1ltVbCkdsJiKE1Uuzm/view?usp=sharing,Técnica colectiva en la que el balón se combina el pase de seguridad con el de progresión . Los jugadores ocupan el lugar al que pasan la pelota.
Estructuras de pases,Técnica individidual,6,Rueda de pase con miniportería en el centro,https://drive.google.com/file/d/1YGyKv1MYdf4kNAQ6THGwUiF-JM9ZPwxi/view?usp=sharing,,https://drive.google.com/file/d/1bCLUaEyCnIcNPlsV7f0aBbTnh4nHAUg1/view?usp=sharing,Rueda de pase en la que se combina el pase corto y la dejada de cara con el pase que supera línea ante el que los jugadores superados por balón tienen que girarse para ofrecerse como apoyos.
Estructuras de pases,Técnica individidual,X,Rueda en hexágono con paredes y tercer hombre,https://drive.google.com/file/d/1rxRtIejRMjd8XpfB1tAYfNzC9Okr9BrX/view?usp=sharing,,https://drive.google.com/file/d/1BZX_0V7hGxLuhlNRX5mBjIvoobUf4LR7/view?usp=sharing,"Rueda de pase en hexágono en la que se combinan paredes y búsqueda de tercer hombre, incidiendo en los momentos en los que hay que desplazarse para realizar ambas combinaciones."
Estructuras de pases,Técnica individidual,3,Rueda de pase en largo y dejada de cara,https://drive.google.com/file/d/1Z5JrA-HpazMj-W8HtPH7JQYJsQytjZ6P/view?usp=sharing,,https://drive.google.com/file/d/11Fy5AUSbJV6RyP4eeK4LKICtnFakgk5B/view?usp=sharing,"Rueda de pase por tríos en el que tras un golpeo en largo, un compañero se acerca al receptor del baló para recoger su dejada de cara y tras un control, llevarla a la posición inicial con otro desplazamiento en largo."
Estructuras de pases,Automatización de movimientos,5,Rueda de pase de tercer hombre y viajar juntos,https://drive.google.com/file/d/1_aw0t2W4lBCPtms1JaXGueuZgFH_2l-Y/view?usp=sharing,,https://drive.google.com/file/d/1cwbj2GAXZ1xV9-kjsbqaWH3uzkM8dQnD/view?usp=sharing,"Rueda de pase en la que jugando con al menos 3 alturas se mueve el balón hasta que en algún momento se contacta con la tercera línea desde la primera. En el viajar del balón los de la segunda línea para aparecer como apoyos y los de la primera avanzan para juntar las líneas.

El jugador de la tercera línea deja el balón de cara para que uno de la segunda se lo ponga al que se lo ha dejado o a otro de su línea que rompe al espacio.

Este momento es aprovechado también para adelantar las líneas.

Al llegar al área contraria se reorganiza el grupo y se inicia en el otro sentido."
Estructuras de pases,Técnica individidual,X,Rueda de oleadas por tríos,https://drive.google.com/file/d/1danpn66e5RNFRvRAs-iIAcWu-jP2qk67/view?usp=sharing,,https://drive.google.com/file/d/1M8quI8CFckme40tAGAzg4uu7Ylht-C8F/view?usp=sharing,Rueda de pase en la que se incide en la aparición para dar apoyo tras ser superados por un pase vertical y así poder darle continuidad a la jugada.
Estructuras de pases,Psicológica,X,Circulación de balón con información antes de recibir,https://drive.google.com/file/d/117YYD1_0698hhq7HvERo2RWUVyMqlglo/view?usp=sharing,,https://drive.google.com/file/d/136c0qyQcjDBrEb2v4HJHY9DJS5DaGl61/view?usp=sharing,"Circulación de balón en 3 equipos con distintos condicionantes que se irán modificando para complicar la ejecución:
- Color con el que puedes jugar.
- Repetir o no repetir.
- Espacio al que sí o no puedes jugar.
- Número de toques.
- Nombre del receptor antes de jugar."
Estructuras de pases,Psicológica,X,Técnica colectiva por colores y zonas con ladrones,https://drive.google.com/file/d/1g9oy4AMVfUgO5QeutJECHq0jBEr24lgb/view?usp=sharing,,https://drive.google.com/file/d/17A1QfOqTQYhp383PdaoMt97CMoLI6DTD/view?usp=sharing,"3 equipos de 5 jugadores realizan una rueda de control y pase llevando el balón de una zona a la otra y moviéndose de zona tras cada intervención intentando que los jugadores que están en la cruz central no les roben el balón.
Opción A) En cada tanda se cuentan los números de interceptaciones que hace un equipo y perderá el equipo que menos haga.
Opción B) Cambio de rol tras interceptación de un jugador del equipo central."
Estructuras de pases,Técnica individidual,5,Creación y ocupación de espacios,https://drive.google.com/file/d/1-GTzYUpsENNmYvgCq924ckDMTH-jPhq4/view?usp=sharing,,https://drive.google.com/file/d/1UijCZb9oSHAGOQGV8qcXevvugbKM3rnP/view?usp=sharing,"Dos jugadores dan pases hasta que el que está en el cuadrado decide dar un apoyo en el lateral. En ese momento aparece un tercer jugador para ocupar ese espacio y recibir un pase y jugar con el que se había lateralizado.
Tras ello, este jugador envía el balón a la otra base y se desplaza ahí mientras que los demás jugadores inician la secuencia."
Estructuras de pases,Técnica individidual,5,Rueda con controles orientados a colores,https://drive.google.com/file/d/1aa-FG_JjCUwxzT0ZfC7uvHrfoiyiEC7I/view?usp=sharing,,https://drive.google.com/file/d/1-fbRlxiV9hJvNWm1tg0RLR7ejaXG6DVG/view?usp=sharing,"Rueda de pase en la que el pasador dice al receptor el color hacia el que debe el balón con el control orientado.
El orden de pases viene determinado por el lugar hacia el que has hecho el control."
Estructuras de pases,Técnica individidual,3,Rueda de desmarque y devolución o giro,https://drive.google.com/file/d/1b9UBVV6HqevPbwkLshvM0LX4JMr0MvUm/view?usp=sharing,,https://drive.google.com/file/d/1V0bgx7F0InhxbIzztoKbwNwUUuOsK-7_/view?usp=sharing,"Rueda de pases con desmarque previo, información
propia y del compañero y decisión de jugar de cara o
perfilarse para avanzar y jugar con el alejado.
Tras ello rotación (recibe-presiona-pasa)."
Estructuras de pases,Técnica individidual,3,"Rueda de desmarque, devolución o control orientado",https://drive.google.com/file/d/1rwez4mwlO5Ph8pcbYTUuY9xBjWjFRZB6/view?usp=sharing,,https://drive.google.com/file/d/1XMGnH373nDLOQ3GwO92gfmAgV6FKwfmr/view?usp=sharing,"Rueda de pases. Un jugador se desmarca al centro 
del rombo y un defensor decide si le sigue o no. Si lo 
hace, el atacante tiene que jugar de cara. Si no le 
siguen, tiene que controlar el balón hacia el lado 
contrario a donde se ha ido su defensor. Tras ello se 
la pasa y pasa a ser el defensor del jugador que 
estaba dando pases desde fuera. 
"
Estructuras de pases,Técnica individidual,3,Rueda de pases recibir de espaldas y diagonal,https://drive.google.com/file/d/1gfKsLf2Tfby5ai4Zfy_gRxGiXVbMGd56/view?usp=sharing,,https://drive.google.com/file/d/1i-fT86b2YObY7AF6UcDmn2mEpXofcK2h/view?usp=sharing,"Rueda de pases por tríos en la que un jugador recibe de espaldas y juega de cara (por no haberse orientado) y después se desplaza a un lado, se perfila y orienta para llevar el balón al otro lado."
Estructuras de pases,Técnica individidual,5,Rueda de pase en caja,https://drive.google.com/file/d/1vTOhBp-wwasIYcsfjFwUTNh-OVx6ZyJX/view?usp=sharing,,https://drive.google.com/file/d/1y34COK3e6qp_jlJCxOH-lR1-UkKqCdo8/view?usp=sharing,"Un jugador se coloca dentro de un cuadrado marcado por cuatro picas de distintos colores.
Cuatro compañeros se colocan enfrente de cada uno de os lados del cuadrado.
Desde ahí, uno de ellos envía el balón al centro del cuadrado y da una información (2 colores, compañero) y eso es lo que utilizará el jugador que está en el centro del cuadrado para orientar su cuerpo y llevar el control hacia un lado u otro y jugar con el jugador que corresponde.
*Posibilidad de añadir un sexto miembro al grupo, que realice presiones entrando por un lado u otro del cuadrado y haciendo que tenga que orientar el cuerpo y el balón para adaptarlo a la presión."
Estructuras de pases,Técnica individidual,4,Pase y movimiento al espacio,https://drive.google.com/file/d/1AklUTT_XIhV2EpZqyuyYj5h2MMgbrfVO/view?usp=sharing,,https://drive.google.com/file/d/18KNfUQxLauuocRfpcBDQuDtkulo5PQ6d/view?usp=sharing,"Rueda de pase y movimiento con balón filtrado y
ofrecimiento de líneas de pase. Los jugadores de
fuera, cuando tienen la pelota tienen que moverse
para dejar libre la esquina opuesta. El jugador que
está en el centro tiene que perfilarse para llevar el 
control a un lado u otro."
Estructuras de pases,Técnica individidual,3,Trenzas de contraataque,https://drive.google.com/file/d/1djfwihdScHCmXwzHjmC1lbJb1it4-UVx/view?usp=sharing,,https://drive.google.com/file/d/1P_r95Dxls33Xj0wczLsPgg5lv0nMTubu/view?usp=sharing,Rueda de pase en la que tres jugadores realizan una trenza de pase y desdoblamiento al receptor para salir al contrataque priorizando la conducción y el pase avanzado.
Estructuras de pases,Automatización de movimientos,X,Competición de circulaciones,https://drive.google.com/file/d/1-U8_7nqdN31kcGIn9t1jUL4Ce3wpd9sN/view?usp=sharing,,https://drive.google.com/file/d/1-YpC787yHJM5Rmb0H9EbtTMFr9Ko8arD/view?usp=sharing,"Competición de circulación. Cada equipo realiza una circulación marcada y el que lo haga más rápido realiza un ataque contra la línea defensiva rival.
A su vez se lanza un balón a los delanteros del equipo que ha perdido la circulación para que realicen una transición ofensiva y se trabaja la vigilancia defensiva."
Estructuras de pases,Automatización de movimientos,X,Técnica colectiva para dividir con la línea de 3,https://drive.google.com/file/d/14USt1-ReTi9cfjOxRbe7nzCPHeBCRduG/view?usp=sharing,,https://drive.google.com/file/d/1wB9ddNbdtg_oTzprSyaiyAghpcV91KrC/view?usp=sharing,Técnica colectiva orientada a modificar la estructura y que un jugador de la línea de 3 salga en conducción y divida a la siguiente línea con una conducción.
Estructuras de pases,Automatización de movimientos,X,Salida por un lado y finalización por el otro,https://drive.google.com/file/d/11-b20Z1gTK0rxksDucEE1qLKv_tN49EO/view?usp=sharing,,https://drive.google.com/file/d/1ZZKhT2B_90pnTmg51IOJWF-l9uzAPU-U/view?usp=sharing,"Salida de balón por un lado, acumulación de pases en el lado fuerte y giro al lado débil para a partir de ahí centrar y atacar los puntos de remate."
Estructuras de pases,Automatización de movimientos,X,Técnica colectiva para envíos diagonales por alto,https://drive.google.com/file/d/112nHEWMniQz7g211YI55E1oR7s74cYQC/view?usp=sharing,,https://drive.google.com/file/d/1k5DMVg3aefMKdkM6iK3gHByitR-yCXjb/view?usp=sharing,Técnica colectiva en la que se parte con dos balones y incide en el golpeo diagonal al punta que baja a recibir y un reinicio buscando una diagonal de uno de la línea de tres a un punta que se lateraliza.
Estructuras de pases,Automatización de movimientos,X,Técnica colectiva para diagonal al lado alejado del pivote ,https://drive.google.com/file/d/13YgmlgoKJbTz970Fm4b4TbNt3b8cb1ny/view?usp=sharing,,https://drive.google.com/file/d/1a4WLOwxQ6OJjA1HN7Qw-nHQcosxnq8-A/view?usp=sharing,"Circulación de balón simple con conducción de central y balón diagonal para el punta que se lateraliza. A partir de ahí, en función del golpeo, se deja de cara o se peina.
A partir de ahí se contacta con la otra circulación para darle continuidad al ejercicio."
Estructuras de pases,Automatización de movimientos,X,Técnica colectiva para girar al rival,https://drive.google.com/file/d/15l0rpQvYvoRJrXKtYV7PKsutqkZEhSVK/view?usp=sharing,,https://drive.google.com/file/d/1p57wTlPw7MeN9I3_VrgZCKnnLboCjgMu/view?usp=sharing,"Técnica colectiva que simula la acumulación de pases en un lado del campo, para después girar al rival y buscar una entrada por la otra banda."
Estructuras de pases,Automatización de movimientos,X,Técnica colectiva en salida por carriles,https://drive.google.com/file/d/1hkxUkqW1daMzzXTjXCVCaz8RmC4-mbhN/view?usp=sharing,,https://drive.google.com/file/d/1kXO0p7EXePpn_mOtzAFE8ByccFQ0yQq9/view?usp=sharing,Técnica colectiva automatizando movimientos y combinaciones en los carriles exteriores en salida de balón ante presión alta.
Estructuras de pases,Automatización de movimientos,X,Técnica colectiva para distintas salidas por carril exterior,https://drive.google.com/file/d/1rwO7mc6XtRrOSTnzYuyVCjeNew5fqXPM/view?usp=sharing,,https://drive.google.com/file/d/1cBTZNkvp0N7IsV8Rx57NTZVaZtINSXR9/view?usp=sharing,Técnica colectiva en sistema 13421 con combinaciones interiores para atraer y movimientos en los carriles exteriores para progresar.
Estructuras de pases,Automatización de movimientos,X,Técnica colectiva para movimiento de puntas y exteriores,https://drive.google.com/file/d/1P8io0bDXh5Y8o910dE4ZCfcTMErsLdiz/view?usp=sharing,,https://drive.google.com/file/d/1Krf1nzdHUMK9xRmMSCAqOUUVnL8o1EnQ/view?usp=sharing,"Se inician dos ruedas de pase simultáneas en las que se busca automatizar un movimiento de creación de espacio a espaldas de los defensores. En una jugada actúan punta y mediapunta y en la otra solo uno de ellos (cada dos acciones, se cambian)."
Estructuras de pases,Automatización de movimientos,X,Técnica colectiva para complementar apoyos ante bloque medio-bajo,https://drive.google.com/file/d/1bZOnny8C3o_DudSK2cIIcZpB_Ay92NOK/view?usp=sharing,,https://drive.google.com/file/d/1t0WeOdWUmw3jjiD43heds3V6l5yS6Y-k/view?usp=sharing,"Técnica colectiva en la que, la decisión del marcador del jugador ubicado en un espacio interior, hará que la pelota vaya para el jugador que ha quedado libre o para los que ocupen el espacio dejado por este.
A partir de ahí, se busca la finalización en portería."
Estructuras de pases,Automatización de movimientos,X,Técnica colectiva para encontrar al hombre libre,https://drive.google.com/file/d/1Z_QfjIUdP_Eotx275mMthaCqoZ5MAbPG/view?usp=sharing,,https://drive.google.com/file/d/1nMS_srNjtoewEYJZGamMbkl_5wui4z19/view?usp=sharing,"Técnica colectiva en zona 2-3 para complementar apoyos y moverse para encontrar al hombre libre y así poder progresar.
El equipo contrario simula un salto a presionar y una corrección de posiciones en función del movimiento de balón.
Una vez progresado se finaliza en miniporterías y se simula una recuperación de posiciones por una pérdida."
Estructuras de pases,Automatización de movimientos,X,Técnica colectiva en transición ofensiva,https://drive.google.com/file/d/1oIIr-ttXLA2-3T5w0w7tPkYZ5YpLyPaV/view?usp=sharing,,https://drive.google.com/file/d/1riJj1VTte1AFa7EkZpuS--KskggUly1f/view?usp=sharing,"Técnica colectiva simulando los movimientos de transición ofensiva tras robo en zona 2 del rival.
Un equipo recoge el balón enviado por el portero y lanza la transición mientras otro se coloca y mueve para aportar referencias y el tercer equipo se prepara para la siguiente acción."
Estructuras de pases,Automatización de movimientos,X,Técnica colectiva para desmarques de jugadores interiores a la espalda del lateral,https://drive.google.com/file/d/1bsDEQCVZ6BjCbSED3qEeAiwap1njcep5/view?usp=sharing,,https://drive.google.com/file/d/1TOq6NAj1lyNnkh1xJ829mbGuHyqtfaYX/view?usp=sharing,"2 técnicas colectivas simultáneas con oposición pasiva en la que se busca la ruptura de un jugador interior a la espalda del lateral del equipo contrario.
Tras finalizar en portería se sale del otro lado con otros dos balones."
Estructuras de pases,Automatización de movimientos,X,Circulación con dos salidas distintas por los carriles,https://drive.google.com/file/d/17s2hQAiPW6IQYP-GTHWoInFYakK2CkNc/view?usp=sharing,,https://drive.google.com/file/d/1-tno4VV2oXB14mas7zjIMEX3uOupfB-P/view?usp=sharing,Cuatro técnicas colectivas enfrentadas para trabajar el progreso por el carril exterior y las entradas al remate.
Estructuras de pases,Automatización de movimientos,X,Técnica colectiva con paredes en 3 zonas,https://drive.google.com/file/d/1_Yp-_1OlvJNB1hencUxJ2JkhkWGPUf1q/view?usp=sharing,,https://drive.google.com/file/d/1_D_dCkej9hDZKXCfZD-0Nf8qxtxUyw9M/view?usp=sharing,Técnica colectiva realizada simultáneamente en 3 carriles para provocar distintas paredes.
Estructuras de pases,Automatización de movimientos,X,Técnica colectiva para búsqueda de tercer hombre y desmarque de superación,https://drive.google.com/file/d/153mRUk4U28jxyqfU3u6vIDzVO1zTyA6X/view?usp=sharing,,https://drive.google.com/file/d/1GTmKT6ut0pMuZpTzbxG3rj_mePsR_cVZ/view?usp=sharing,Técnica colectiva con búsqueda de terceros hombres y desmarques de superación.
Estructuras de pases,Automatización de movimientos,X,Técnica colectiva con tercer hombre para liberar a central y mediocentro,https://drive.google.com/file/d/1HrQD5YP2GI7n2HuAus1EWwaGfThNHF3Z/view?usp=sharing,,https://drive.google.com/file/d/1HBNPdvmJKpQ33gmNo-6-5VjvVKOnhBqs/view?usp=sharing,"Ante una oposición pasiva, se realiza una circulación que busca encontrar a un central y a un mediocentro mediante la aparición de terceros hombres."
Estructuras de pases,Automatización de movimientos,X,Técnicas colectivas enfrentadas en campo propio y contrario,https://drive.google.com/file/d/15HDyvzkusy2Ycq68sPaRcjX9-FgQg6yU/view?usp=sharing,,https://drive.google.com/file/d/1CS6JyzQoOyNbqVGDDfy9_ikkeguQZJGj/view?usp=sharing,Dos equipos realizan una circulación simultánea. Uno lo hace en campo propio y otro en el ajeno. Se marcan la secuencia de pases que tiene que darse y los jugadores buscan su espacio para recibir y no chocarse con la circulación que va en sentido contrario.
Estructuras de pases,Automatización de movimientos,X,Técnicas colectivas con regresos de oposición pasiva,https://drive.google.com/file/d/1sJ8PMriZL4GRvdMhqVjncksS3-BE3xOC/view?usp=sharing,,https://drive.google.com/file/d/1Vf3MkYaaw4oLzzG9GRiN1np94-Xecpiu/view?usp=sharing,Un equipo inicia una técnica colectiva en dirección a portería mientras el anterior está volviendo a la posición inicial. Los jugadores ofensivas tienen que identificar los espacios que no ocupan los compañeros que regresan para que la jugada avance por ahí.
Estructuras de pases,Automatización de movimientos,6,Técnica colectiva en carril central y zona 2,https://drive.google.com/file/d/1WY1Af8PNw0qCmOWNDO_nnSPmUfWIq28m/view?usp=sharing,,https://drive.google.com/file/d/1kzcFFQXYPLi3AuhxldZfg8VTdTmZMfnr/view?usp=sharing,"Técnica colectiva para diferenciar momentos de jugar de cara (pase vertical) y perfilarse para girarse y avanzar (pase diagonal) en el carril central y zona 2 así como para trabajar el dinamismo ubicacional.
Los movimientos de los jugadores son libres y dependiendo de lo que haga un jugador, tendrán que intervenir los demás de una u otra forma."
Estructuras de pases,Automatización de movimientos,X,Técnica colectiva para generar tres alturas en carril exterior,https://drive.google.com/file/d/11OsVg0zOFpzYurnfr0QeXev-O6prcICW/view?usp=sharing,,https://drive.google.com/file/d/1wNXiSwNNCxEHV4qMMYcU29rX2NmckLm8/view?usp=sharing,"Dos salidas de balón con distintas formas de progresión. En la primera se produce una lateralización del pivote y en la segunda un pase tendido de central a punta opuesto. Tras la finalización se cambia de posiciones (salvo los extremos).
Al principio, la circulación está marcada hasta que se produce lo que se busca y después se finaliza libre.
Posteriormente es todo libre (teniendo que realizar obligatoriamente el movimiento marcado)."
Estructuras de pases,Automatización de movimientos,X,Técnicas colectivas enfrentadas para la búsqueda de los cuadrados,https://drive.google.com/file/d/14IzkGEL7eilEkap4AZMAa7omrbolp_-E/view?usp=sharing,,https://drive.google.com/file/d/1X_vV1a40aJaN5fWNWay1MehsxNqDK_4w/view?usp=sharing,2 técnicas colectivas enfrentadas con la inteción de encontrar los cuadrados interiores.
Estructuras de pases,Automatización de movimientos,X,Técnica colectiva para salidas con laterales asimétricos,https://drive.google.com/file/d/1U6YCQ8IKv-hpVfxJIpuzCraA7Hzx0YFL/view?usp=sharing,,https://drive.google.com/file/d/1N-P5bricAfGdh5LSvZTHVdOEvqLMnMBs/view?usp=sharing,"Dos técnicas colectivas en forma de salidas de balón distintas tomando como punto de partida la diferente altura de los laterales.
En una salida se busca la conducción del central del lado del lateral bajo para que filtre la pelota al extremo y este combine con el punta o el pivote.
En la otra salida se busca el golpeo diagonal del central del lado del lateral bajo para los movimientos del extremo, lateral y puntas contrarios."
Estructuras de pases,Automatización de movimientos,X,Técnica colectiva para salidas de 4 con laterales bajos,https://drive.google.com/file/d/1CYvGuOINC-tu8vr92ifI-XlSz4um2gJ0/view?usp=sharing,,https://drive.google.com/file/d/1w_7_wSRR4f9a0kYB1rEYC-CqB_7nB60l/view?usp=sharing,"Se realizan dos salidas por ambos lados en las que se parte de tener a los laterales muy bajos, los extremos y puntas que parten muy altos y descienden a las espaldas/lados de los mediocentros rivales.
A partir de ahí se busca una combinación:
- mediocentro apareciendo como tercer hombre (central - extremo que baja y juega de espaldas para el mediocentro) para que este golpee al punta que cae al espacio generado por el extremo.
- punta que cae para pase diagonal de mediocentro o central y se gira o deja para el otro mediocentro para que juegue con extremo.
- balón largo de portero o central para extremo que aprovecha el desmarque del punta a espaldas de mediocentros."
Estructuras de pases,Automatización de movimientos,X,Técnicas colectivas enfrentadas para búsqueda de tercer hombre y desmarque de superación,https://drive.google.com/file/d/1mprDaMEOlkWEplLQ9BsJG-Gv8-73vm50/view?usp=sharing,,https://drive.google.com/file/d/1Td1Of4MbOp0wKixvM8aPSYWskHy0uiuk/view?usp=sharing,"Técnicas colectivas enfrentadas en las que se incide en la activación de apoyos al jugar profundo y la aparición de terceros hombres para progresar.
Del mismo modo, habrá que mirar la otra técnica colectiva para ocupar los espacios libres."
Estructuras de pases,Automatización de movimientos,X,Técnicas colectivas compartiendo espacio para lectura de movimientos y espacios,https://drive.google.com/file/d/1i3IahiMoGBV8PtP4wCbIZ144fDDg9nXy/view?usp=sharing,,https://drive.google.com/file/d/10ryMFUrMeRKcbh9vomWs65G4jKkjfm9X/view?usp=sharing,"Dos técnicas colectivas simultáneas y compartiendo espacio en forma de salida de balón con búsqueda de densificar las zonas interiores y de diferenciar situaciones de jugar de cara y de girarse.
De esta forma, se incide en la comunicación con las palabras “solo” y “cuidado”.
Se inician dos balones a la vez y los jugadores tienen que preocuparse de no chocarse con el otro equipo y de no perder el balón."
Estructuras de pases,Automatización de movimientos,X,Técnica colectiva contra oposición pasiva,https://drive.google.com/file/d/1UErPiguxT20_BZ85vALOonCdRT4zoU3x/view?usp=sharing,,https://drive.google.com/file/d/1eDdaCUqVz-7MAVQn5MTEZxTIJRYytpVR/view?usp=sharing,"Técnica colectiva frente a una presión pasiva que hace que los jugadores que tienen el balón tienen que encontrar los espacios libres que deja la formación rival.
Cuando se consigue la superación de la última línea rival, se cambian los roles."
Estructuras de pases,Automatización de movimientos,X,2 técnicas colectivas vs la misma oposición pasiva,https://drive.google.com/file/d/1I3GV0iFmMH9vpj5hxeS1uKVEBqVrEpmd/view?usp=sharing,,https://drive.google.com/file/d/1D6_6R57UhXSrhhfdpl14oS4Bpk3krKUH/view?usp=sharing,"Dos técnicas colectivas simultáneas en campo propio y contrario contra un equipo que va presionando (de forma pasiva) los dos balones a la vez.
El objetivo de la técnica en campo propio es contactar con el jugador más atrasado de la otra técnica colectiva.
El objetivo de la técnica colectiva en campo contrario es acabar en gol en portería grande.
Cada dos repeticiones, se cambian roles entre los tres grupos."
Situación de partido,Reinicio y Construcción Z 1-2,XxX,Inicio/Reinicio en zona 1-2 frente a presión,https://drive.google.com/file/d/1_VHV-No0DQjcwk5DQ7LJT3DKx81BP2lA/view?usp=sharing,,https://drive.google.com/file/d/1Eh4q8PghItuAO2JLOR0FeOIHxCeeh87E/view?usp=sharing,"Reinicios de juego en zona 1 y 2 con el objetivo de ganar estructura y mantener la posesión del balón tras ello.
A ellos se enfrenta un equipo que presiona con el objetivo de robar y meter gol en transición ofensiva."
Situación de partido,Reinicio y Construcción Z 1-2,XxX,Progresiones 5vs5 encadenadas,https://drive.google.com/file/d/1OSBvZ9ExTwO0K5gRm-2TWUpqhs_nuOxI/view?usp=sharing,,https://drive.google.com/file/d/1DtjC6LJYYeOvRnAOKW2UvSZSFF-KNFEP/view?usp=sharing,"Juegos de progresión en zonas 1 y 2 en el cual se producen dos situaciones 5vs5 con la ayuda de los jugadores que viajan para acompañar a sus compañeros tanto en ataque como en defensa.
El equipo que inicia con rol defensivo tiene que intentar hacerse con el balón y hacer una transición ofensiva rápida."
Situación de partido,Reinicio y Construcción Z 1-2,XxX,Inicio y reinicio contra una presión,https://drive.google.com/file/d/1NfPfG5X3pnzVmZ8TdKlaoRrA7VVCXDAO/view?usp=sharing,,https://drive.google.com/file/d/1mnxSW3GcJE9Y0cix5MlSqwUBwgCLiobl/view?usp=sharing,"Un equipo  realiza salidas de balón intentando contactar con el otro equipo para que este haga un reinicio de jugada.
A ellos se enfrenta un equipo que presiona con el objetivo de robar y meter gol. Si no lo consiguen, se reordenan para hacer la presión en el otro campo con el objetivo también de robar y anotar en la otra portería."
Situación de partido,Reinicio y Construcción Z 1-2,XxX,Inicios ante presión total,https://drive.google.com/file/d/1acdQywknTuvbtlGjxI2A74YsVXwKFIpD/view?usp=sharing,,https://drive.google.com/file/d/1J4jleKC-cF7fwc2aTAuiBTzjSydVDrd2/view?usp=sharing,"Un equipo realiza salidas de balón en corto o en largo contra una presión total en bloque alto.
El equipo que inicia tiene como objetivo anotar en las tres miniporterías o atravesar la línea del centro del campo en conducción.
El equipo que empieza robando, tiene el objetivo de recuperar el balón y realizar una transición ofensiva hacia la portería grande.
"
Situación de partido,Reinicio y Construcción Z 1-2,XxX,Inicio para emparejar puntas con centrales,https://drive.google.com/file/d/1eOg-OARgFlxfZ8lLYGXhU8FlCXVD2LGU/view?usp=sharing,,https://drive.google.com/file/d/1DUCV5wnVyGdUn0nBXo0qLsH5Fxdq4AE1/view?usp=sharing,"Salida de balón ante un equipo que presiona alto.
La intención de iniciar en corto es dejar a dos delanteros en campo contrario emparejados con dos defensas. El objetivo de la salida es hacerles llegar el balón en las mejores condiciones posibles y que estos jueguen un 2vs2 + 2 extremos.
*Si el equipo defensor roba el balón en campo contrario realiza una transición ofensiva utilizando a los dos extremos, que se convierten en sus compañeros."
Situación de partido,Reinicio y Construcción Z 1-2,XxX,Inicio con el campo dividido en zonas,https://drive.google.com/file/d/1Zn6_VquT0ahfSmq8oL-CBezTypU4hvdp/view?usp=sharing,,https://drive.google.com/file/d/1rp8sffoM8L7L0kxj56mkeT1jfPJ_Rb4a/view?usp=sharing,"Salida de balón con el campo dividido en 4 zonas en las que se mantienen los jugadores defensivos.
El objetivo del equipo que inicia es atravesar conduciendo la línea del centro del campo.
El objetivo de los que defienden es robar y montar una transición defensa-ataque hacia la portería rival."
Situación de partido,Presión alta,XxX,Presión total ante inicios en corto,https://drive.google.com/file/d/1aU2iDkJQhSv8fogtFEJcIMIoR6_XCtKQ/view?usp=sharing,,https://drive.google.com/file/d/12mppbjnb4AeQcH7i3pEsSoPRpFddiW0e/view?usp=sharing,Inicios ante presión total con el objetivo de anotar en porterías pequeñas. El equipo que presiona tiene que intentar robar y realizar una transición ofensiva hacia la portería rival.
Situación de partido,Reinicio y Construcción Z 1-2,XxX,Inicio ante presión alta para ganar espalda,https://drive.google.com/file/d/10qjjismTT9hIB5gLHyU9HKzry81Xzlud/view?usp=sharing,,https://drive.google.com/file/d/1_4eyPDD-Td8C1C6qkCtHtemUYBn6y8Gt/view?usp=sharing,Inicio ante presión alta con la intención de encontrar la superación tras la línea defensiva rival (que inicia desde una franja que hay entre los dos rectángulos de juego pero que puede saltar una vez que inicia la posesión).
Situación de partido,Presión alta,XxX,Inicios ante bloque alto,https://drive.google.com/file/d/1VvgECe5ichefz7dRE25K1c_dvfj-cexw/view?usp=sharing,,https://drive.google.com/file/d/1ruu2Nmtq_60FKb-dCJ7b2TdaN1HXr2Yu/view?usp=sharing,Inicios ante un equipo que defiende dos porterías grandes y que se ve obligado a presionar en bloque alto.
Situación de partido,Reinicio y Construcción Z 1-2,XxX,Inicio con laterales bajos buscando las espaldas de centrales,https://drive.google.com/file/d/1qEm7i1MoZXPvIx5Qi28pIJ3GSRDjwuv-/view?usp=sharing,,https://drive.google.com/file/d/1DYm4aXpWrM3LEPbk3f8qRVcZA_Yocvtk/view?usp=sharing,Inicio con el objetivo de encontrar las espaldas de los centrales de los lados o de anotar en la portería situada a 3/4 de campo.
Situación de partido,Reinicio y Construcción Z 1-2,XxX,Inicio ante bloque alto,https://drive.google.com/file/d/1vHgQ7ZvVIxsVwstyR0QHsNAC9PFHAxi_/view?usp=sharing,,https://drive.google.com/file/d/1hheYOTZzxowbMour1TwAxgAwyE3h-2_Y/view?usp=sharing,"Inicio ante un equipo que presiona alto.
La intención de iniciar en corto es dejar a dos delanteros en campo contrario emparejados con dos defensas. El objetivo de la salida es hacerles llegar el balón en las mejores condiciones posibles y que estos jueguen un 2vs2 + 2 extremos.
*Si el equipo defensor roba el balón en campo contrario realiza una transición ofensiva utilizando a los dos extremos, que se convierten en sus compañeros."
Situación de partido,Reinicio y Construcción Z 1-2,XxX,Inicio con transformación de línea,https://drive.google.com/file/d/1Ckl7i25FAKDcebVqTeJOmeF0Q6Fg2AW5/view?usp=sharing,,https://drive.google.com/file/d/1JA_Ctiop7MeOEVh5Km6Gn9k1cq4u5hsB/view?usp=sharing,"Inicio de juego con transformación de línea ante la presión alta del equipo rival.
El objetivo es conservar la posesión hasta encontrar la posibilidad de filtrar el pase a las miniporterías. En ese momento, o en el del robo, los atacantes inician un ataque 6 vs portero y el tercer grupo se coloca en el inicio."
Situación de partido,Reinicio y Construcción Z 1-2,XxX,Inicio ante presión que va aumentando de rivales,https://drive.google.com/file/d/1yiOnjV01fdoSlv9RNeT7bbS5Y6-N6o6B/view?usp=sharing,,https://drive.google.com/file/d/1kWbiDSYK-e0aBDtVT1fC1BwVHTBOL1q9/view?usp=sharing,"Inicio contra presión que va aumentando de jugadores cada 10”. El objetivo es conseguir atraer a los defensores para poder filtrar el balón a los tres atacantes que esperan en campo contrario (cuanto más atraigo más fácil es jugar
con ellos).
Cuando lo consiguen, estos intentan progresar y mientras tanto, se lanza un balón a los que hacían la presión para que realicen una transición ofensiva."
Situación de partido,Presión alta,XxX,Inicio ante presión al hombre en dos zonas,https://drive.google.com/file/d/17lQKR0TtWdY8_OybjVOa3ylCoQr3w_hD/view?usp=sharing,,https://drive.google.com/file/d/1y8WV3Q4fUJCDt9UvEQMXuoFli-NehfuN/view?usp=sharing,"Inicio ante una presión hombre a hombre en dos zonas (los defensas rivales solo persiguen hasta que los atacantes abandonan la zona).
El equipo ofensivo tiene que intentar anotar en la portería grande."
Situación de partido,Priorizar defender espacio tras pérdida Z 2,XxX,Inicio con transición defensiva por pérdida o segundo balón,https://drive.google.com/file/d/1t8mldhvNBn6n99gKdjFTMmcWy6qezbUD/view?usp=sharing,,https://drive.google.com/file/d/1lc4wSKxclHZGHdz_taLBSjnSWUQVIV5t/view?usp=sharing,"Inicio ante presión en bloque a pares con el objetivo de contactar con los 4 jugadores que esperan a lo ancho del centro del campo.
En ese momento o si hubiera habido un robo, los poseedores realizan una transición defensiva priorizando la defensa del espacio."
Situación de partido,Priorizar defender espacio tras pérdida Z 2,XxX,Inicio y reinicio por zonas con dos balones y transición defensiva,https://drive.google.com/file/d/1x0UsqILkg4CNy9mvIav2pF6EbUgYb8RD/view?usp=sharing,,https://drive.google.com/file/d/1carI116ZOqrlmt2TnsnChL3KsmWbj5Yd/view?usp=sharing,"Inicio y reinicio simultáneos intentando progresar hasta la zona 2-3 y anotar en la portería central.
El equipo defensivo tiene que robar el balón y realizar una transición ofensiva. (En ese momento se desactiva el otro balón). Ante ello, los que han iniciado la jugada con el balón tendrán que estar preparados para realizar la transición defensiva."
Situación de partido,Reinicio y Construcción Z 1-2,XxX,Inicios y reinicios frente a presión alta,https://drive.google.com/file/d/1HsDLQU_PjPGLoNbBEJL3ZpnjgwqE5wP6/view?usp=sharing,,https://drive.google.com/file/d/17bqy8mRDxUXpWC4N863zSUEDp9SkAk6O/view?usp=sharing,"Inicios y reinicios ante presión alta con cuatro miniporterías que pueden ser atacadas.
Si el equipo que inicia defendiendo roba el balón o si la búsqueda de esa miniportería no es exitosa, se lanzará una transición ofensiva."
Situación de partido,Priorizar defender portería tras pérdida Z 1,XxX,Inicios y reinicios vs una presión de ida y vuelta,https://drive.google.com/file/d/1qqu8q5EMj7ENm392BIgJxAsRsWdyNg7J/view?usp=sharing,,https://drive.google.com/file/d/1ZpViQbj9SXIBHX5pgwVvBiHHkOQbakJs/view?usp=sharing,"Inicio y reinicio de balón de un equipo frente a otro que se gira para ir presionando a ambos lados del campo en función de dónde esté el balón.
Cuando los defensores roben, pueden finalizar en cualquier portería y los que han perdido tienen que hacer una transición defensiva.
Los jugadores que inician con posesión tienen que mantener el balón en su poder."
Situación de partido,Presión alta,XxX,Reinicios ante presión alta en dos zonas,https://drive.google.com/file/d/1OGiH0VqXwpYQE3Em9iHcFmpbQxMlotej/view?usp=sharing,,https://drive.google.com/file/d/1N5NCUSiVHpzA5EIvoEv92PZtOnrLmcDA/view?usp=sharing,"Reinicios ante una presión alta (que intenta mantener la superioridad numérica en la zona más atrasada).
El equipo que inicia con balón tiene que intentar anotar en las miniporterías. El que inicia con él, tiene que intentar robar y anotar en la portería grande."
Situación de partido,Reinicio y Construcción Z 1-2,XxX,Inicio para contactar con última línea y que liberen al compañero,https://drive.google.com/file/d/1ymLzfmwapEjQiBSbyxy0TIU_dTnJ_Ia8/view?usp=sharing,,https://drive.google.com/file/d/12bbXyTeN-53AZRSUJ8lt6mKnm74BJzoE/view?usp=sharing,"Inicio en el que los atacantes intentan contactar con los tres jugadores más avanzados para que estos puedan anotar en la portería contraria. Si hay una dejada de cara, se puede incorporar un cuarto atacante a esa acción.
El equipo que inicia sin balón intenta robar y hacer una transición ofensiva."
Situación de partido,Priorizar defender espacio tras pérdida Z 2,XxX,Inicio con transición defensiva por éxito o por fracaso,https://drive.google.com/file/d/1y0ClDQ6Jw6EIzvr7xiMknrlZmo8AonWZ/view?usp=sharing,,https://drive.google.com/file/d/1v-XoiMc0qDlvrhqPmoxPROKst0dzbMfH/view?usp=sharing,"Inicio ante presión alta con el objetivo de contactar con los 3 jugadores que esperan a lo ancho del centro del campo.
En ese momento o si hubiera habido un robo, los poseedores realizan una transición defensiva priorizando la defensa del espacio."
Situación de partido,Priorizar defender espacio tras pérdida Z 2,XxX,Inicio con transición defensiva por conquista de zona o por pérdida,https://drive.google.com/file/d/1zSqhrV4WMsHn6n29YcqpdQd5EQ1XpKPQ/view?usp=sharing,,https://drive.google.com/file/d/1GvRUaxw8Vo52uXieLhcjiPLq3oUsGFZi/view?usp=sharing,"Inicio ante presión alta con el objetivo de conquistar las dos zonas que hay a lo ancho del centro del campo.
En ese momento o si hubiera habido un robo, los poseedores realizan una transición defensiva priorizando la defensa del espacio."
Situación de partido,Reinicio y Construcción Z 1-2,XxX,Inicio y progresión para conquistar los lados del pivote,https://drive.google.com/file/d/1IiYPCRVXoecZPg2qsVpZY6repfYUnljy/view?usp=sharing,,https://drive.google.com/file/d/1NPRPd7n7XWwr3E06-edbrkprKxwS-EFZ/view?usp=sharing,Inicio ante presión alta con el objetivo de conquistar las dos zonas que hay a lo ancho del centro del campo.
Situación de partido,Priorizar defender espacio tras pérdida Z 2,XxX,Transición defensiva y ofensiva tras posesiones en sectores,https://drive.google.com/file/d/1D1MeSpHo_n2qbTyGVdpa5BJfe2MycKd8/view?usp=sharing,,https://drive.google.com/file/d/10IJMTJxPxlc-QyflBWRLCeW4cfj6SStA/view?usp=sharing,"Posesión por sectores en las que cuando el equipo defensor roba el balón inicia una transición ofensiva (desde el sector donde se roba).
El equipo que ha perdido el balón hace la transición defensiva.
Se va cambiando de sector y se cambia también la posición inicial de los defensores."
Situación de partido,Priorizar progresar tras robo Z 2-3,XxX,Transición tras posesión de 3 equipos en zona 2,https://drive.google.com/file/d/1xLsXf6T0VFmz5rbKOO9KCz_WMVooZx25/view?usp=sharing,,https://drive.google.com/file/d/18CD4BXKIOuHNaxGN2ITKGP0VqnNYB8O0/view?usp=sharing,"Posesión con un equipo manteniendo en el interior del rectángulo, otro con jugadores exteriores e interiores y uno robando.
Cuando el equipo defensor roba la pelota, lanza una transición ofensiva contra el equipo que estaba fuera, que realiza una transición defensiva."
Situación de partido,Priorizar defender espacio tras pérdida Z 2,XxX,Transición tras posesión en zona de creación,https://drive.google.com/file/d/1mrpCNgx7y5lONuoNE07jNLviWDTPi18p/view?usp=sharing,,https://drive.google.com/file/d/12qU5H9b_P_8kuNF3UtXVi6zyj09oAlsO/view?usp=sharing,"Posesión en zona de creación y carril central con el objetivo de mantener la posesión contra una presión que busca el robo y salir en transición ofensiva hacia la portería. Tras finalizar esa transición, se cambian de roles."
Situación de partido,Priorizar defender espacio tras pérdida Z 2,XxX,Doble presión y doble transición,https://drive.google.com/file/d/13sFyWi4WjfuDOzCl93_B_1yZDVPxvDeW/view?usp=sharing,,https://drive.google.com/file/d/1c4lb-qAkw4zuGvG6DBG3YxjIQjkAsPkE/view?usp=sharing,"Mantenimiento de balón en 3+2 vs una presión de 4+1  que intenta robar y realizar una transición ofensiva rápida.
El equipo que inicia con la posesión cuenta con tres jugadores con los que contactar. Si lo hacen, sigue el mantenimiento con la ayuda de los dos jugadores que estén por delante de la línea de 3. 
El equipo que inicia defendiendo tiene un jugador para evitar ese contacto con los tres y tiene dos jugadores exteriores que se unirán a la presión si se produce ese pase o que se unirán a la transición si se produce el robo.
Si ese robo se da, el equipo que ha perdido el balón tiene que replegar priorizando la defensa del carril central y temporizando para que lleguen todos los jugadores posibles.
Puntuación:
- Gol en transición <10´´ - 3 puntos
- Gol en transición >10´´ - 2 puntos
- Transición evitada - 1 punto"
Situación de partido,Priorizar defender espacio tras pérdida Z 2,XxX,Doble transición defensiva,https://drive.google.com/file/d/1_rLeZEP8_0TlGfjeD29h2PLcnOHEfayu/view?usp=sharing,,https://drive.google.com/file/d/16uB-vm4NhctwPGgD7SXQEaSYikc2ecq-/view?usp=sharing,"Tras robar el balón en una posesión a un toque, un equipo inicia una transición ofensiva.
Una vez finalizado el ataque, se realiza un regreso defensivo de los jugadores ofensivos ante la transición provocada por una pérdida o por un segundo balón introducido en el juego."
Situación de partido,Priorizar defender espacio tras pérdida Z 2,XxX,Transición tras pérdida en zona 2,https://drive.google.com/file/d/1c_eLdkuTJba1-fjp9XttrhP3mWW3J9_k/view?usp=sharing,,https://drive.google.com/file/d/17w31z3vK8oynAxYI-iJ-i6cz8jkeB5Tu/view?usp=sharing,"Transición defensiva-ofensiva que se inicia tras una pérdida de una posesión 5vs4 o 4vs3 en el carril central en la zona 2 y con extremos preparados para el ataque. * Posibilidad de añadir los regresos de los carriles exteriores.
El equipo que inicia la posesión, lo hace a un toque y puede anotar en las miniporterías."
Situación de partido,Priorizar progresar tras robo Z 2-3,XxX,Transición tras robo en zona 2-3,https://drive.google.com/file/d/1BoT-WYQzPOxbl603SJb9JpBYjLrXB15K/view?usp=sharing,,https://drive.google.com/file/d/1BsYGdK-jEJMbxU9IA3hJk0BsOCa394q1/view?usp=sharing,Transiciones ofensivas - defensivas que parten desde una posesión en zona 2-3.
Situación de partido,Priorizar defender espacio tras pérdida Z 2,XxX,Transición defensiva en oleadas,https://drive.google.com/file/d/15wiyZO4TTD1G00QkuKBJXJNOm2Z3qwFF/view?usp=sharing,,https://drive.google.com/file/d/1xfkhOGsQpKfyb6fB3cXG6aJn9RadVTyt/view?usp=sharing,"4 atacantes inician una transición ofensiva contra la línea de tres.
Los defensores tienen que contemporizar el ataque para que les de tiempo al lateral incorporado y a los centrocampistas a regresar y frenar también la segunda oleada de atacantes."
Situación de partido,Priorizar recuperar tras pérdida Z 3-4,XxX,Ataque en campo contrario y transición tras pérdida,https://drive.google.com/file/d/1N9sOXewBNWhA0Y4GSKD4097xhIkjpDYn/view?usp=sharing,,https://drive.google.com/file/d/1M4-5sLVHDENDSW3wiPnk-0g4Ag9qMWs8/view?usp=sharing,"El equipo ofensivo inicia una posesión en campo contrario con el objetivo de hacer gol.
El equipo defensor busca robar y transitar a la portería contraria aprovechando los dos jugadores descolgados y la incorporación temprana de los extremos.
Cuando se produce ese robo, el equipo que ha perdido tiene que intentar presionar a los cercanos y tapar las líneas de pase próxima para que los alejados puedan recomponer el sistema defensivo en un 1432."
Situación de partido,Priorizar progresar tras robo Z 2-3,3x2,Transiciones encadenadas,https://drive.google.com/file/d/1dhdms47kH6DV9yYh4gTOPHJwg1fsupP9/view?usp=sharing,,https://drive.google.com/file/d/10aqJFFPdJsTuhkOipv8O5cC92EbWtyoE/view?usp=sharing,Transiciones de tres atacantes contra dos defensores y un portero que inician con un balón lanzado a uno de los jugadores ofensivos y que tras finalizar en la primera portería se lanza un segundo balón para que los mismos atacantes hagan la transición hacia la segunda portería.
Situación de partido,Ataque de área llegando,XxX,Transición tras posesión en carriles exteriores de zona central,https://drive.google.com/file/d/1hD0BBKZiHLO3n_mdrIq-OkXXt6MP3K3q/view?usp=sharing,,https://drive.google.com/file/d/1JM8EZO6UJzijORdYIClIUzPxpp_0Dykv/view?usp=sharing,"Rondos 6 vs 3 en la que cuando los defensores roban, lanzan una transición ofensiva en en la que salen los tres jugadores que roban antes, los comodines de ambos rondos y un jugador del lado contrario.
3 defensas del grupo que antes pierde la posesión y 1 del otro lado, realizan la transición defensiva.
En el grupo que no se ha llevado a cabo la pérdida, los jugadores que no se incorporan a la transición, siguen haciendo un rondo."
Situación de partido,Ataque de área llegando,XxX,Transiciones tras rondos en carriles exteriores,https://drive.google.com/file/d/16sxsD2h_R4_Wyeu_9Mn1wao4STgilRqA/view?usp=sharing,,https://drive.google.com/file/d/1kDjefx9rTGXFxEwaOTnxaFzKZAhPF8ri/view?usp=drive_link,"Transiciones que parten de dos rondos situados en los carriles exteriores.
El primer equipo que logre robar el balón y sacarlo del rondo, realiza una transición ofensiva hacia la portería contraria.
Se incorporan a esa transición todos los jugadores (adquiriendo distintos roles).
Si se produce gol, como premio, el segundo balón (que inicia la segunda transición) irá para el mismo equipo. Si no, irá para el equipo contrario. En cualquiera de los casos, se atacará en la otra portería para que el ataque sea también en transición."
Situación de partido,Ataque de área llegando,XxX,Transición tras atracción en carriles,https://drive.google.com/file/d/1do-HWUBaHkk_e9F07nb_a5098jtI7MrQ/view?usp=sharing,,https://drive.google.com/file/d/1PpkypZzmcAZaLgOo_QyxJ93sZReFwJVz/view?usp=sharing,"Se inician dos posesiones en dos rombos situados en los carriles de la zona de creación. 
La posesión que más aguante con el balón iniciará una ataque rápido intentando evitar que lleguen las ayudas defensivas.
Los jugadores que defienden tienen que contemporizar ese ataque para dar tiempo a esas incorporaciones de la línea rebasada por balón."
Situación de partido,Ataque de área llegando,XxX,4vs3+1 desde el centro del campo,https://drive.google.com/file/d/1tSnp-GTSO_AOMgRLucVbWMHO03VZapPk/view?usp=sharing,,https://drive.google.com/file/d/1KFT7sjoBpk84026aff6h9nZP0tB0cUsk/view?usp=sharing,Un jugador ofensivo recibe el balón por delante de la línea defensiva de medios y desde ahí inicia un ataque que estará defendido por los 3 defensas que guardaban la posición y un jugador de la siguiente línea que llegará si la temporización defensiva es efectiva.
Situación de partido,Ataque de área llegando,XxX,Ataques tras superar a la línea de centrocampistas rivales,https://drive.google.com/file/d/1V9vVVznusXgN0r6aTr5fSVBXSnpUKOTC/view?usp=sharing,,https://drive.google.com/file/d/1cdeVRIth2m2ANm23SWsLaAHiIqSm_1ot/view?usp=sharing,"Ataques que parten de un pase que llega a 3⁄4 y que ha superado a la línea de medios rivales (el más cercano al balón filtrado, hace una transición defensiva)."